Workbook
Name arb_2014: #REF!
Name arb_2014: #REF!
Name ATB_2014: #REF!
Name ATB_2014: #REF!
Name ATB_2015: #REF!
Name ATB_2015: #REF!
Name biek_2015: #REF!
Name biek_2015: #REF!
Name LRA_64: #REF!
Name LRA_64: #REF!
Name No_2020: #REF!
Name No_2020: #REF!
Name non_op: #REF!
Name non_op: #REF!
Name op: #REF!
Name op: #REF!
Name peralatan_dan_Mesin: 'KENDARAAN DINAS'!$A:$AV
Name saldo_arb: #REF!
Name saldo_arb: #REF!
Name saldo_atb: #REF!
Name saldo_atb: #REF!
Name saldo_biek: #REF!
Name saldo_biek: #REF!
Name tanah: 'KIB A - Tanah'!$A:$AT
Name tanah: #REF!

Sheet KENDARAAN DINAS
A2: PEMERINTAH KABUPATEN SERUYAN
A3: KARTU INVENTARIS BARANG (KIB B)
A4: PERALATAN DAN MESIN
A7: Provinsi | C7: : KALIMANTAN TENGAH
A8: Kab./ Kota | C8: : SERUYAN
A9: Bidang | C9: :
A10: Unit Organisasi | C10: :
A11: Sub Unit Organisasi | C11: :
A12: NO. KODE LOKASI | C12: : 12.24.08.15.01.01.01
A14: NO. | B14: Kode | C14: Nama Barang/ | D14: Nomor | E14: Merk/ | F14: Ukuran/ | G14: Bahan | H14: Tahun | N14: Asal usul | P14: Harga | Q14: Keterangan | R14: Pengguna/Pemakai | S14: SKPD
A15: Urut | B15: Barang | C15: Jenis Barang | D15: Register | E15: Type | F15: CC | H15: Pembelian | I15: Pabrik | J15: Rangka | K15: Mesin | L15: Polisi | M15: BPKB
A17: 1 | B17: 02.02.01.01.003 | C17: Station Wagon | D17: 000001 | E17: Toyota Kijang / Toyota Kijang | F17: 1800 cc | G17: Besi | H17: 2002 | J17: NULL | K17: Null | L17: KH 1511 PM | M17: Null | N17: pembelian | O17: 1 | P17: 125000 | S17: DINAS PENDIDIKAN | T17: 1 | U17: 4
A18: 2 | B18: 02.02.01.01.003 | C18: Station Wagon | D18: 000002 | E18: Innova / Innova Zenix 2.0 | F18: 1987 cc | G18: CAMPURAN | H18: 2024 | I18: - | J18: MHFABBAA4R0435901 | K18: M20ANC96961 | L18: KH 1337 PU | M18: V-04726911 | N18: Pembelian | O18: 1 | P18: 638000 | Q18: Belanja Modal Kendaraan Dinas Bermotor Perorangan (Pengadaan Mobil Dinas) | S18: DINAS PENDIDIKAN | T18: 1 | U18: 4
A19: 3 | B19: 02.02.01.03.002 | C19: Pick Up | D19: 000002 | E19: MOBIL Toyota/2 GD FTV, 4 Cylinders / KB-P2209-1600333 HILUX DOUBLE CABIN 2.4. V(4 x 4) | F19: 2,393 cc | G19: CAMPURAN | H19: 2022 | J19: MR0BB3CD8N5810152 | K19: 2GD 5269380 | L19: KH 8214 PW | M19: D 1925403 M | N19: Pembelian | O19: 1 | P19: 504000 | Q19: Belanja modal kendaraan bermotor angkutan barang (Pengadaan kendaraan dinas operasional lapangan) Dinas Pendidikan Kabupaten Seruyan | S19: DINAS PENDIDIKAN | T19: 1 | U19: 4
A20: 4 | B20: 02.02.01.04.001 | C20: Sepeda Motor | D20: 000001 | E20: Honda NF 100 LD / Honda NF 100 LD | F20: 100 | G20: Besi | H20: 2004 | J20: MHIHB21134K283403 | K20: HB21E-1284546 | L20: KH 3077 PM | M20: D 0073191 M | N20: pembelian | O20: 1 | P20: 8000 | S20: DINAS PENDIDIKAN | T20: 1 | U20: 3
A21: 5 | B21: 02.02.01.04.001 | C21: Sepeda Motor | D21: 000001 | E21: Suzuki Suzuki 125 / Suzuki Suzuki 125 | F21: 125 | G21: Besi | H21: 2007 | J21: MH8BF45DA8J-209094 | K21: F496ID-258062 | L21: KH 2528 PY | M21: F 4748855 M | N21: pembelian | O21: 1 | P21: 11250 | S21: DINAS PENDIDIKAN | T21: 1 | U21: 3
A22: 6 | B22: 02.02.01.04.001 | C22: Sepeda Motor | D22: 000002 | E22: Honda NF 100 LD / Honda NF 100 LD | F22: 100 | G22: Besi | H22: 2005 | J22: MHIKIVAE1X4K990626 | K22: KEVAE1992934 | L22: KH 2005 PM | M22: Null | N22: pembelian | O22: 1 | P22: 8000 | S22: DINAS PENDIDIKAN | T22: 1 | U22: 3
A23: 7 | B23: 02.02.01.04.001 | C23: Sepeda Motor | D23: 000003 | E23: Honda NF 100 LD / Honda NF 100 LD | F23: 100 | G23: Besi | H23: 2005 | J23: MHIHB21174K585469 | K23: HB21E-1548243 | L23: KH 3092 PM | M23: Null | N23: pembelian | O23: 1 | P23: 8000 | S23: DINAS PENDIDIKAN | T23: 1 | U23: 3
A24: 8 | B24: 02.02.01.04.001 | C24: Sepeda Motor | D24: 000004 | E24: Honda NF 100 LD / Honda NF 100 LD | F24: 100 | G24: Besi | H24: 2005 | I24: - | J24: MHIHB211X4K579230 | K24: HB21E-1580599 | L24: KH 3093 PM | M24: D 1625432 M | N24: pembelian | O24: 1 | P24: 8000 | S24: DINAS PENDIDIKAN | T24: 1 | U24: 3
A25: 9 | B25: 02.02.01.04.001 | C25: Sepeda Motor | D25: 000005 | E25: Honda NF 125 XD / Honda NF 125 XD | F25: 125 | G25: Besi | H25: 2005 | J25: MHIJB22134K161303 | K25: JB22E-1160588 | L25: KH 3091 PM | M25: Null | N25: pembelian | O25: 1 | P25: 8000 | S25: DINAS PENDIDIKAN | T25: 1 | U25: 3
A26: 10 | B26: 02.02.01.04.001 | C26: Sepeda Motor | D26: 000006 | E26: Honda NF 125 XD / Honda NF 125 XD | F26: 125 | G26: Besi | H26: 2005 | J26: MHIJB22104K168614 | K26: JB22E-1168726 | L26: KH 3094 PM | M26: Null | N26: pembelian | O26: 1 | P26: 8000 | S26: DINAS PENDIDIKAN | T26: 1 | U26: 3
A27: 11 | B27: 02.02.01.04.001 | C27: Sepeda Motor | D27: 000007 | E27: Honda Win MCB / Honda Win MCB | F27: 125 | G27: Besi | H27: 2005 | I27: - | J27: MHIHABD134K088136 | K27: HABD51088987 | L27: KH 2003 PM | M27: 1925136 M | N27: pembelian | O27: 1 | P27: 8000 | S27: DINAS PENDIDIKAN | T27: 1 | U27: 3
A28: 12 | B28: 02.02.01.04.001 | C28: Sepeda Motor | D28: 000010 | E28: Honda NF 100 LD / Honda NF 100 LD | F28: 100 | G28: Besi | H28: 2005 | J28: MHIHB21174K585468 | K28: HB21E-1443783 | L28: KH 3088 PM | M28: Null | N28: pembelian | O28: 1 | P28: 8000 | S28: DINAS PENDIDIKAN | T28: 1 | U28: 3
A29: 13 | B29: 02.02.01.04.001 | C29: Sepeda Motor | D29: 000011 | E29: Honda Win CMB / Honda Win CMB | F29: 125 | G29: Besi | H29: 2005 | J29: MHIHABD124K088147 | K29: HABDE1088993 | L29: KH 2001 PM | M29: Null | N29: pembelian | O29: 1 | P29: 10500 | S29: DINAS PENDIDIKAN | T29: 1 | U29: 3
A30: 14 | B30: 02.02.01.04.001 | C30: Sepeda Motor | D30: 000012 | E30: Yamaha Zupiter Z / Yamaha Zupiter Z | F30: 110 | G30: Besi | H30: 2005 | I30: - | J30: MH35TP0054K326052 | K30: STP525369 | L30: KH 2716 PY | M30: D 1925403 M | N30: pembelian | O30: 1 | P30: 14000 | S30: DINAS PENDIDIKAN | T30: 1 | U30: 3
A31: 15 | B31: 02.02.01.04.001 | C31: Sepeda Motor | D31: 000013 | E31: HONDA VARIO TECHO CBS / HONDA VARIO TECHO CBS | F31: 124.8 | G31: BESI | H31: 2014 | J31: MH1JFJ119EK338230 | K31: JFJ1E1334255 | L31: KH 4326 PY | M31: L 04350939 M | N31: pembelian | O31: 1 | P31: 17194 | Q31: ARITA /DPRD | S31: DINAS PENDIDIKAN | T31: 1 | U31: 3
A32: 16 | B32: 02.02.01.04.001 | C32: Sepeda Motor | D32: 000014 | E32: HONDA VERZA 150 CW-2015 / HONDA VERZA 150 CW-2015 | F32: 149 | G32: BESI | H32: 2015 | J32: MH1KC5217FK255089 | K32: KC52E-1252761 | L32: KH 4344 PY | M32: L 06930513 M | N32: pembelian | O32: 1 | P32: 19430 | Q32: DINAS PENDIDIKAN | S32: DINAS PENDIDIKAN | T32: 1 | U32: 3
A33: 17 | B33: 02.02.01.04.001 | C33: Sepeda Motor | D33: 000015 | E33: HONDA Y1G02N02L0 A/T / HONDA Y1G02N02L0 A/T | F33: 108 CC | G33: BESI | H33: 2017 | I33: - | J33: MH1JFS119HK398373 | K33: JFS1E1390127 | L33: KH 4650 PY | M33: M 12824308 M | N33: pembelian | O33: 1 | P33: 15252.264 | Q33: DINAS PENDIDIKAN | S33: DINAS PENDIDIKAN | T33: 1 | U33: 3
A34: 18 | B34: 02.02.01.04.001 | C34: Sepeda Motor | D34: 000016 | E34: HONDA NEW BEAT SPORTY CW 2018 D1B02N26L2 A/T / HONDA NEW BEAT SPORTY CW 2018 D1B02N26L2 A/T | F34: 108 | G34: BESI | H34: 2018 | I34: - | J34: MH1JFZ123JK859588 | K34: JFZ1E2857112 | L34: KH 4790 PY | M34: O02643660M | N34: pembelian | O34: 1 | P34: 15534 | Q34: Mutasi | S34: DINAS PENDIDIKAN | T34: 1 | U34: 3
A35: 19 | B35: 02.02.01.04.001 | C35: Sepeda Motor | D35: 000017 | E35: Suzuki RR FL 125 RCD / Suzuki RR FL 125 RCD | F35: 125 cc | G35: Besi | H35: 2008 | J35: MH8BF45DA8J208900 | K35: F496 - ID - 257880 | L35: KH 2526 PY | M35: F 4847854 M | N35: pembelian | O35: 1 | P35: 15000 | S35: DINAS PENDIDIKAN | T35: 1 | U35: 3
A36: 20 | B36: 02.02.01.04.001 | C36: Sepeda Motor | D36: 000018 | E36: Suzuki RR FL 125 RCD / Suzuki RR FL 125 RCD | F36: 125 cc | G36: Besi | H36: 2008 | J36: MH8BF45DA8J209130 | K36: F496 - ID - 258038 | L36: KH 2521 PY | M36: F 4847850 M | N36: pembelian | O36: 1 | P36: 15000 | S36: DINAS PENDIDIKAN | T36: 1 | U36: 3
A37: 21 | B37: 02.02.01.04.001 | C37: Sepeda Motor | D37: 000020 | E37: Suzuki RR FL 125 RCD / Suzuki RR FL 125 RCD | F37: 125 cc | G37: Besi | H37: 2008 | J37: MH8BF45DA8J209136 | K37: F496 - ID - 258046 | L37: KH 2519 PY | M37: F 4847848 M | N37: pembelian | O37: 1 | P37: 15000 | S37: DINAS PENDIDIKAN | T37: 1 | U37: 3
A38: 22 | B38: 02.02.01.04.001 | C38: Sepeda Motor | D38: 000021 | E38: Suzuki RR FL 125 RCD / Suzuki RR FL 125 RCD | F38: 125 cc | G38: Besi | H38: 2008 | J38: MH8BF45DA8J209094 | K38: F496 - ID - 258062 | L38: KH 2528 PY | M38: F 4748855 M | N38: pembelian | O38: 1 | P38: 15000 | S38: DINAS PENDIDIKAN | T38: 1 | U38: 3
A39: 23 | B39: 02.02.01.04.001 | C39: Sepeda Motor | D39: 000022 | E39: Suzuki / Suzuki | F39: 125 | G39: Besi | H39: 2008 | J39: MH8BF45DA8J208900 | K39: F496 - ID - 257880 | L39: KH 2526 PY | M39: F 4847854 M | N39: pembelian | O39: 1 | P39: 16950 | S39: DINAS PENDIDIKAN | T39: 1 | U39: 3
A40: 24 | B40: 02.02.01.04.001 | C40: Sepeda Motor | D40: 000023 | E40: Suzuki / Suzuki | F40: 125 | G40: Besi | H40: 2008 | J40: MH8BF45DA8J209130 | K40: F496 - ID - 258038 | L40: KH 2521 PY | M40: F 4847850 M | N40: pembelian | O40: 1 | P40: 16950 | S40: DINAS PENDIDIKAN | T40: 1 | U40: 3
A41: 25 | B41: 02.02.01.04.001 | C41: Sepeda Motor | D41: 000024 | E41: Suzuki / Suzuki | F41: 125 | G41: Besi | H41: 2008 | J41: MH8BF45DA8J209094 | K41: F496 - ID - 258062 | L41: KH 2528 PY | M41: F 4748855 M | N41: pembelian | O41: 1 | P41: 16950 | S41: DINAS PENDIDIKAN | T41: 1 | U41: 3
A42: 26 | B42: 02.02.01.04.001 | C42: Sepeda Motor | D42: 000025 | E42: Suzuki / Suzuki | F42: 125 | G42: Besi | H42: 2008 | J42: MH8BF45DA8J207974 | K42: F496 - ID - 257087 | L42: KH 2524 PY | M42: Null | N42: pembelian | O42: 1 | P42: 16950 | S42: DINAS PENDIDIKAN | T42: 1 | U42: 3
A43: 27 | B43: 02.02.01.04.001 | C43: Sepeda Motor | D43: 000026 | E43: Suzuki / Suzuki | F43: 110 | G43: Besi | H43: 2008 | J43: MH8BF45DA8J209136 | K43: F496 - ID - 258046 | L43: KH 2519 PY | M43: F 4847848 M | N43: pembelian | O43: 1 | P43: 16950 | S43: DINAS PENDIDIKAN | T43: 1 | U43: 3
A44: 28 | B44: 02.02.01.04.001 | C44: Sepeda Motor | D44: 000027 | E44: HONDA NF 11 B2D1 M/T Revo FIT / HONDA NF 11 B2D1 M/T Revo FIT | F44: 110 CC | G44: Besi | H44: 2012 | J44: MH1JBE110CK409380 | K44: JBE1E1401386 | L44: KH 4085 PY | M44: I-10731509 M | N44: pembelian | O44: 1 | P44: 12577.55 | Q44: Disdikpora / UPTD. Seruyan Hulu | S44: DINAS PENDIDIKAN | T44: 1 | U44: 3
A45: 29 | B45: 02.02.01.04.001 | C45: Sepeda Motor | D45: 000028 | E45: HONDA NF 11 B2D1 M/T Revo FIT / HONDA NF 11 B2D1 M/T Revo FIT | F45: 110 CC | G45: Besi | H45: 2012 | J45: MH1JBE114CK417126 | K45: JBE1E1402249 | L45: KH 4089 PY | M45: I-10731513 M | N45: pembelian | O45: 1 | P45: 12577.55 | Q45: Disdikpora / UPTD. Suling Tambun | S45: DINAS PENDIDIKAN | T45: 1 | U45: 3
A46: 30 | B46: 02.02.01.04.001 | C46: Sepeda Motor | D46: 000029 | E46: HONDA GL 15A1D M/T New Mega Pro D / HONDA GL 15A1D M/T New Mega Pro D | F46: 150 CC | G46: Besi | H46: 2012 | J46: MH1KC2113CK064541 | K46: KC21E1064427 | L46: KH 4091 PY | M46: I-10731515 M | N46: pembelian | O46: 1 | P46: 19426.6 | Q46: Disdikpora / UPTD. Seruyan Tengah | S46: DINAS PENDIDIKAN | T46: 1 | U46: 3
A47: 31 | B47: 02.02.01.04.001 | C47: Sepeda Motor | D47: 000030 | E47: HONDA GL 15A1D M/T New Mega Pro D / HONDA GL 15A1D M/T New Mega Pro D | F47: 150 CC | G47: Besi | H47: 2012 | J47: MH1KC2116CK064405 | K47: KC21E1064294 | L47: KH 4093 PY | M47: I-10731517 M | N47: pembelian | O47: 1 | P47: 19426.6 | Q47: Disdikpora | S47: DINAS PENDIDIKAN | T47: 1 | U47: 3
A48: 32 | B48: 02.02.01.04.001 | C48: Sepeda Motor | D48: 000031 | E48: HONDA GL 15B1CF M/T VERZA 150 CW / HONDA GL 15B1CF M/T VERZA 150 CW | F48: 150 | G48: Besi | H48: 2013 | I48: - | J48: MH1KC5217DK035609 | K48: KC52E1035716 | L48: KH 4174 PY | M48: K-05623361 M | N48: pembelian | O48: 1 | P48: 18004.1 | Q48: UPTD DISDIKPORA | S48: DINAS PENDIDIKAN | T48: 1 | U48: 3
A49: 33 | B49: 02.02.01.04.001 | C49: Sepeda Motor | D49: 000032 | E49: HONDA NEW CB150 VERZA CW 2018 B5D02K29M2 M/T / HONDA NEW CB150 VERZA CW 2018 B5D02K29M2 M/T | F49: 149 | G49: BESI | H49: 2018 | I49: - | J49: MH1KC0213JK034973 | K49: KC02E1035135 | L49: KH 4758 PY | M49: O02643629M | N49: pembelian | O49: 1 | P49: 20234.71 | Q49: Mutasi | S49: DINAS PENDIDIKAN | T49: 1 | U49: 3
A50: 34 | B50: 02.02.01.04.001 | C50: Sepeda Motor | D50: 000033 | E50: Honda Beat Sporty cbs iss vin 2019 / Honda Beat Sporty cbs iss vin 2019 | F50: 110 cc | G50: Campuran | H50: 2021 | I50: - | J50: MH1JM9115MK773068 | K50: JM91E1775254 | L50: KH 5109 PY | M50: R-02955000 | N50: pembelian | O50: 1 | P50: 17500 | Q50: Pengadaan Kendaraan Bermotor Beroda Dua Dinas Pendidikan Kab. Seruyan | S50: DINAS PENDIDIKAN | T50: 1 | U50: 3
A51: 35 | B51: 02.02.01.04.001 | C51: Sepeda Motor | D51: 000034 | E51: Honda Beat Sporty cbs iss vin 2019 / Honda Beat Sporty cbs iss vin 2019 | F51: 110 CC | G51: Campuran | H51: 2021 | I51: - | J51: MH1JM9117MK775694 | K51: JM91E1775144 | L51: KH 5112 PY | M51: R-02955003 | N51: pembelian | O51: 1 | P51: 17500 | Q51: Pengadaan Kendaraan Bermotor Beroda Dua Dinas Pendidikan Kab. Seruyan | S51: DINAS PENDIDIKAN | T51: 1 | U51: 3
A52: 36 | B52: 02.02.01.04.001 | C52: Sepeda Motor | D52: 000035 | E52: Honda Beat Sporty cbs iss vin 2019 / Honda Beat Sporty cbs iss vin 2019 | F52: 110 CC | G52: Campuran | H52: 2021 | I52: - | J52: MH1JM9116MK772964 | K52: JM91E1772560 | L52: KH 5114 PY | M52: R-02955005 | N52: pembelian | O52: 1 | P52: 17500 | Q52: Pengadaan Kendaraan Bermotor Beroda Dua Dinas Pendidikan Kab. Seruyan | S52: DINAS PENDIDIKAN | T52: 1 | U52: 3
A53: 37 | B53: 02.02.01.04.001 | C53: Sepeda Motor | D53: 000036 | E53: Honda Beat Sporty cbs iss vin 2019 / Honda Beat Sporty cbs iss vin 2019 | F53: 110 CC | G53: Campuran | H53: 2021 | I53: - | J53: MH1JM9115MK775676 | K53: JM91E1772569 | L53: KH 5117 PY | M53: R-02955007 | N53: pembelian | O53: 1 | P53: 17500 | Q53: Pengadaan Kendaraan Bermotor Beroda Dua Dinas Pendidikan Kab. Seruyan | S53: DINAS PENDIDIKAN | T53: 1 | U53: 3
A54: 38 | B54: 02.02.01.04.001 | C54: Sepeda Motor | D54: 000037 | E54: Honda Beat Sporty cbs iss vin 2019 / Honda Beat Sporty cbs iss vin 2019 | F54: 110 CC | G54: Campuran | H54: 2021 | I54: - | J54: MH1JM9111MK775691 | K54: JM91E1775261 | L54: KH 5110 PY | M54: R-02955001 | N54: pembelian | O54: 1 | P54: 17500 | Q54: Pengadaan Kendaraan Bermotor Beroda Dua Dinas Pendidikan Kab. Seruyan | S54: DINAS PENDIDIKAN | T54: 1 | U54: 3
A55: 39 | B55: 02.02.01.04.001 | C55: Sepeda Motor | D55: 000038 | E55: Honda Beat Sporty cbs iss vin 2019 / Honda Beat Sporty cbs iss vin 2019 | F55: 110 CC | G55: Campuran | H55: 2021 | I55: - | J55: MH1JM9115MK775662 | K55: JM91E1772526 | L55: KH 5111 PY | M55: R-02955002 | N55: pembelian | O55: 1 | P55: 17500 | Q55: Pengadaan Kendaraan Bermotor Beroda Dua Dinas Pendidikan Kab. Seruyan | S55: DINAS PENDIDIKAN | T55: 1 | U55: 3
A56: 40 | B56: 02.02.01.04.001 | C56: FF | D56: 000039 | E56: Honda Beat Sporty cbs iss vin 2019 / Honda Beat Sporty cbs iss vin 2019 | F56: 110 CC | G56: Campuran | H56: 2021 | I56: - | J56: MH1JM9111MK775688 | K56: JM91E1775256 | L56: KH 5113 PY | M56: R-02955004 | N56: pembelian | O56: 1 | P56: 17500 | Q56: Pengadaan Kendaraan Bermotor Beroda Dua Dinas Pendidikan Kab. Seruyan | S56: DINAS PENDIDIKAN | T56: 1 | U56: 3
A57: 41 | B57: 02.02.01.04.001 | C57: Sepeda Motor | D57: 000040 | E57: Honda Beat Sporty cbs iss vin 2019 / Honda Beat Sporty cbs iss vin 2019 | F57: 110 CC | G57: Campuran | H57: 2021 | I57: - | J57: MH1JM9112MK775292 | K57: JM91E1775292 | L57: KH 5116 PY | M57: R-02955006 | N57: pembelian | O57: 1 | P57: 17500 | Q57: Pengadaan Kendaraan Bermotor Beroda Dua Dinas Pendidikan Kab. Seruyan | S57: DINAS PENDIDIKAN | T57: 1 | U57: 3
A58: 42 | B58: 02.02.01.04.001 | C58: Sepeda Motor | D58: 000041 | E58: Honda pcx 160 cbs 99 / Honda pcx 160 cbs 99 | F58: 149 CC | G58: Campuran | H58: 2021 | I58: - | J58: MH1KF7110MK137628 | K58: KF71E1137754 | L58: KH 5118 PY | M58: R-02958797 | N58: pembelian | O58: 1 | P58: 32100 | Q58: Pengadaan Kendaraan Bermotor Beroda Dua Dinas Pendidikan Kab. Seruyan | S58: DINAS PENDIDIKAN | T58: 1 | U58: 3
A59: 43 | B59: 02.02.01.04.001 | C59: Sepeda Motor | D59: 000042 | E59: Suzuki Shogun / Suzuki Shogun | F59: 125 | G59: Besi | H59: 2007 | I59: - | J59: MH8PD125X5J716920 | K59: F403-10717258 | L59: KH 2078 PY | M59: 0750364 M | N59: pembelian | O59: 1 | P59: 16000 | S59: DINAS PENDIDIKAN | T59: 1 | U59: 3
A60: 44 | B60: 02.02.01.04.001 | C60: Sepeda Motor | D60: 000043 | E60: Suzuki Shogun / Suzuki Shogun | F60: 125 | G60: Besi | H60: 2007 | I60: - | J60: MG8PD125X5J705128 | K60: F404-ID695795 | L60: KH 2079 PY | M60: I 528859 M | N60: pembelian | O60: 1 | P60: 16000 | S60: DINAS PENDIDIKAN | T60: 1 | U60: 3
A61: 45 | B61: 02.02.01.04.001 | C61: Sepeda Motor | D61: 000044 | E61: Honda / beat street | F61: 109.5 cc | G61: campuran | H61: 2022 | J61: MH1JM8214NK707301 | K61: JM82E1705328 | L61: KH 5196 PY | M61: T-02690567 | N61: Pembelian | O61: 1 | P61: 19234.807 | Q61: Belanja modal kendaraan bermotor beroda dua | S61: DINAS PENDIDIKAN | T61: 1 | U61: 3
A62: 46 | B62: 02.02.01.04.001 | C62: Sepeda Motor | D62: 000045 | E62: Honda / beat street | F62: 109.5 cc | G62: CAMPURAN | H62: 2022 | J62: MH1JM8217NK707504 | K62: JM82E1705609 | L62: KH 5195 PY | M62: T-02690566 | N62: Pembelian | O62: 1 | P62: 19234.807 | Q62: Belanja modal kendaraan bermotor beroda dua | S62: DINAS PENDIDIKAN | T62: 1 | U62: 3
A63: 47 | B63: 02.02.01.04.001 | C63: Sepeda Motor | D63: 000046 | E63: HONDA / HONDA BEAT STREET | F63: 109.5 cc | G63: CAMPURAN | H63: 2023 | I63: - | J63: MH1JM8216PK951177 | K63: JM82E1950683 | L63: KH 5220 PY | M63: U-01948051 M | N63: Pembelian | O63: 1 | P63: 19643 | Q63: BELANJA MODAL KENDARAAN BERMOTOR RODA DUA (PENGADAAN MOTOR TRAIL DAN SEPEDA MOTOR RODA 2 MATIC) DINAS PENDIDIKAN KABUPATEN SERUYAN | S63: DINAS PENDIDIKAN | T63: 1 | U63: 3
A64: 48 | B64: 02.02.01.04.001 | C64: Sepeda Motor | D64: 000047 | E64: HONDA / HONDA BEAT STREET | F64: 109.5 cc | G64: CAMPURAN | H64: 2023 | I64: - | J64: MH1JM8213PK951184 | K64: JM82E1950691 | L64: KH 5223 PY | M64: U-01948053 M | N64: Pembelian | O64: 1 | P64: 19643 | Q64: BELANJA MODAL KENDARAAN BERMOTOR RODA DUA (PENGADAAN MOTOR TRAIL DAN SEPEDA MOTOR RODA 2 MATIC) DINAS PENDIDIKAN KABUPATEN SERUYAN | S64: DINAS PENDIDIKAN | T64: 1 | U64: 3
A65: 49 | B65: 02.02.01.04.001 | C65: Sepeda Motor | D65: 000048 | E65: HONDA / HONDA BEAT STREET | F65: 109.5 cc | G65: CAMPURAN | H65: 2023 | I65: - | J65: MH1JM8213PK951346 | K65: JM82E1950822 | L65: KH 5224 PY | M65: U-01948054 M | N65: Pembelian | O65: 1 | P65: 19643 | Q65: BELANJA MODAL KENDARAAN BERMOTOR RODA DUA (PENGADAAN MOTOR TRAIL DAN SEPEDA MOTOR RODA 2 MATIC) DINAS PENDIDIKAN KABUPATEN SERUYAN | S65: DINAS PENDIDIKAN | T65: 1 | U65: 3
A66: 50 | B66: 02.02.01.04.001 | C66: Sepeda Motor | D66: 000049 | E66: HONDA / HONDA BEAT STREET | F66: 109.5 cc | G66: CAMPURAN | H66: 2023 | I66: - | J66: MH1JM8215PK951347 | K66: JM82E1950861 | L66: KH 5226 PY | M66: U-01948055 M | N66: Pembelian | O66: 1 | P66: 19643 | Q66: BELANJA MODAL KENDARAAN BERMOTOR RODA DUA (PENGADAAN MOTOR TRAIL DAN SEPEDA MOTOR RODA 2 MATIC) DINAS PENDIDIKAN KABUPATEN SERUYAN | S66: DINAS PENDIDIKAN | T66: 1 | U66: 3
A67: 51 | B67: 02.02.01.04.001 | C67: Sepeda Motor | D67: 000050 | E67: HONDA / HONDA BEAT STREET | F67: 109.5 cc | G67: CAMPURAN | H67: 2023 | I67: - | J67: MH1JM8218PK951181 | K67: JM82E1950688 | L67: KH 5221 PY | M67: U-01948052 M | N67: Pembelian | O67: 1 | P67: 19643 | Q67: BELANJA MODAL KENDARAAN BERMOTOR RODA DUA (PENGADAAN MOTOR TRAIL DAN SEPEDA MOTOR RODA 2 MATIC) DINAS PENDIDIKAN KABUPATEN SERUYAN | S67: DINAS PENDIDIKAN | T67: 1 | U67: 3
A68: 52 | B68: 02.02.01.04.001 | C68: Sepeda Motor | D68: 000051 | E68: HONDA / HONDA BEAT STREET | F68: 109.5 cc | G68: CAMPURAN | H68: 2023 | I68: - | J68: MH1JM8215PK952398 | K68: JM82E1951896 | L68: KH 5229 PY | M68: U-01948595 M | N68: Pembelian | O68: 1 | P68: 19643 | Q68: BELANJA MODAL KENDARAAN BERMOTOR RODA DUA (PENGADAAN MOTOR TRAIL DAN SEPEDA MOTOR RODA 2 MATIC) DINAS PENDIDIKAN KABUPATEN SERUYAN | S68: DINAS PENDIDIKAN | T68: 1 | U68: 3
A69: 53 | B69: 02.02.01.04.001 | C69: Sepeda Motor | D69: 000052 | E69: HONDA / HONDA CRF150L | F69: 149,15 cc | G69: CAMPURAN | H69: 2023 | I69: - | J69: MH1KD1111PK437394 | K69: KD11E1436647 | L69: KH 5214 PY | M69: U-01948045 M | N69: Pembelian | O69: 1 | P69: 35612 | Q69: BELANJA MODAL KENDARAAN BERMOTOR RODA DUA (PENGADAAN MOTOR TRAIL DAN SEPEDA MOTOR RODA 2 MATIC) DINAS PENDIDIKAN KABUPATEN SERUYAN | S69: DINAS PENDIDIKAN | T69: 1 | U69: 3
A70: 54 | B70: 02.02.01.04.001 | C70: Sepeda Motor | D70: 000053 | E70: HONDA / HONDA CRF150L | F70: 149,15 cc | G70: CAMPURAN | H70: 2023 | I70: - | J70: MH1KD1111PK437363 | K70: KD11E1436616 | L70: KH 5227 PY | M70: U-01948056 M | N70: Pembelian | O70: 1 | P70: 35612 | Q70: BELANJA MODAL KENDARAAN BERMOTOR RODA DUA (PENGADAAN MOTOR TRAIL DAN SEPEDA MOTOR RODA 2 MATIC) DINAS PENDIDIKAN KABUPATEN SERUYAN | S70: DINAS PENDIDIKAN | T70: 1 | U70: 3
A71: 55 | B71: 02.02.01.04.001 | C71: Sepeda Motor | D71: 000054 | E71: HONDA / HONDA CRF150L | F71: 149,15 cc | G71: CAMPURAN | H71: 2023 | I71: - | J71: MH1KD1110PK437337 | K71: KD11E1436591 | L71: KH 5217 PY | M71: U-01948048 M | N71: Pembelian | O71: 1 | P71: 35612 | Q71: BELANJA MODAL KENDARAAN BERMOTOR RODA DUA (PENGADAAN MOTOR TRAIL DAN SEPEDA MOTOR RODA 2 MATIC) DINAS PENDIDIKAN KABUPATEN SERUYAN | S71: DINAS PENDIDIKAN | T71: 1 | U71: 3
A72: 56 | B72: 02.02.01.04.001 | C72: Sepeda Motor | D72: 000055 | E72: HONDA / HONDA CRF150L | F72: 149,15 cc | G72: CAMPURAN | H72: 2023 | I72: - | J72: MH1KD1116PK437407 | K72: KD11E1436660 | L72: KH 5213 PY | M72: U-01948044 M | N72: Pembelian | O72: 1 | P72: 35612 | Q72: BELANJA MODAL KENDARAAN BERMOTOR RODA DUA (PENGADAAN MOTOR TRAIL DAN SEPEDA MOTOR RODA 2 MATIC) DINAS PENDIDIKAN KABUPATEN SERUYAN | S72: DINAS PENDIDIKAN | T72: 1 | U72: 3
A73: 57 | B73: 02.02.01.04.001 | C73: Sepeda Motor | D73: 000056 | E73: HONDA / HONDA CRF150L | F73: 149,15 cc | G73: CAMPURAN | H73: 2023 | I73: - | J73: MH1KD1115PK437463 | K73: KD11E1436713 | L73: KH 5215 PY | M73: U-01948046 M | N73: Pembelian | O73: 1 | P73: 35612 | Q73: BELANJA MODAL KENDARAAN BERMOTOR RODA DUA (PENGADAAN MOTOR TRAIL DAN SEPEDA MOTOR RODA 2 MATIC) DINAS PENDIDIKAN KABUPATEN SERUYAN | S73: DINAS PENDIDIKAN | T73: 1 | U73: 3
A74: 58 | B74: 02.02.01.04.001 | C74: Sepeda Motor | D74: 000057 | E74: HONDA / HONDA CRF150L | F74: 149,15 cc | G74: CAMPURAN | H74: 2023 | I74: - | J74: MH1KD1113PK437669 | K74: KD11E1436730 | L74: KH 5216 PY | M74: U-01948047 M | N74: Pembelian | O74: 1 | P74: 35612 | Q74: BELANJA MODAL KENDARAAN BERMOTOR RODA DUA (PENGADAAN MOTOR TRAIL DAN SEPEDA MOTOR RODA 2 MATIC) DINAS PENDIDIKAN KABUPATEN SERUYAN | S74: DINAS PENDIDIKAN | T74: 1 | U74: 3
... A79: 63 | B79: 02.02.01.04.001 | C79: Sepeda Motor | D79: 000062 | E79: KAWASAKI KLX / KAWASAKI KLX | F79: 150 CC | G79: Campur | H79: 2021 | I79: - | J79: - | K79: LX150CEWR1122 | L79: KH 5094 PY | M79: R-02937461 | N79: pembelian | O79: 1 | P79: 33100 | Q79: Sepeda Motor Trail Kawasaki KLX | S79: DINAS PENDIDIKAN | T79: 1 | U79: 3
A80: 64 | B80: 02.02.01.01.003 | C80: Station Wagon | D80: 000001 | E80: Daihatsu / Daihatsu | G80: Besi | H80: 1998 | N80: Hibah | O80: 1 | P80: 164962 | Q80: Dinkes | S80: DINAS KESEHATAN | T80: 2 | U80: 4
A81: 65 | B81: 02.02.01.03.002 | C81: Pick Up | D81: 000003 | E81: MITSUBISHI TRITON 2.5 L / MITSUBISHI TRITON 2.5 L | F81: 2477 | G81: BESI | H81: 2017 | I81: - | J81: MMBENKL30HH031988 | K81: 4D56UAL796 | L81: KH 8172 PW | M81: M 12829132 M | N81: pembelian | O81: 1 | P81: 297154.62 | Q81: DINAS KESEHATAN | S81: DINAS KESEHATAN | T81: 2 | U81: 4
A82: 66 | B82: 02.02.01.04.001 | C82: Sepeda Motor | D82: 000001 | E82: Honda NF 100 SL / Honda NF 100 SL | G82: Besi | H82: 2006 | J82: MH1HB41196K773116 | K82: HB41E-1771626 | L82: KH2170PY | M82: E8567074M | N82: pembelian | O82: 1 | P82: 14500 | Q82: Puskesmas Danau Sembuluh | S82: DINAS KESEHATAN | T82: 2 | U82: 3
A83: 67 | B83: 02.02.01.04.001 | C83: Sepeda Motor | D83: 000001 | E83: Suzuki EN125 / Suzuki EN125 | G83: Besi | H83: 2006 | J83: MH8EN125A6J342146 | K83: F405-ID-342044 | L83: KH 2171 PY | N83: Hibah | O83: 1 | P83: 11250 | Q83: Muslihudin PKM Terawan | S83: DINAS KESEHATAN | T83: 2 | U83: 3
A84: 68 | B84: 02.02.01.04.001 | C84: Sepeda Motor | D84: 000001 | E84: Suzuki Shogun FD / Suzuki Shogun FD | F84: 110 | G84: Besi | H84: 2006 | J84: MH8FD125X6J745077 | K84: F403-ID-745311 | L84: KH 2086 PY | M84: D 9837370 M | N84: pembelian | O84: 1 | P84: 13500 | Q84: Rukun/PKM Pembuang Hulu | S84: DINAS KESEHATAN | T84: 2 | U84: 3
A85: 69 | B85: 02.02.01.04.001 | C85: Sepeda Motor | D85: 000001 | E85: Suzuki Shogun FD / Suzuki Shogun FD | F85: 110 | G85: Besi | H85: 2006 | J85: MH8FD125X6J754471 | K85: F4031D755092 | L85: KH 2089 PY | M85: D 9837369 M | N85: pembelian | O85: 1 | P85: 14500 | Q85: dr. Muna Purnama Sari/Puskesmas Asam Baru | S85: DINAS KESEHATAN | T85: 2 | U85: 3
A86: 70 | B86: 02.02.01.04.001 | C86: Sepeda Motor | D86: 000001 | E86: Honda NF 100 SL / Honda NF 100 SL | F86: 100 | G86: Besi | H86: 2007 | J86: MHIHB32117K346426 | K86: HB32E-1339489 | L86: KH 2254 PY | M86: E 7693854 M | N86: pembelian | O86: 1 | P86: 13500 | Q86: dr. Kasmijati/ PKM K. Pembuang I | S86: DINAS KESEHATAN | T86: 2 | U86: 3
A87: 71 | B87: 02.02.01.04.001 | C87: Sepeda Motor | D87: 000001 | E87: Honda NF100SL / Honda NF100SL | F87: 100 | G87: Besi | H87: 2007 | J87: MHIHB32117K333573 | K87: HB32E-1326880 | L87: KH 2226 PY | M87: E 7693817 M | N87: pembelian | O87: 1 | P87: 13500 | Q87: Sumanti Siska/Puskesmas Rantau Pulut I | S87: DINAS KESEHATAN | T87: 2 | U87: 3
A88: 72 | B88: 02.02.01.04.001 | C88: Sepeda Motor | D88: 000001 | E88: Honda NF 125 TD4 (SUPRA X TD) / Honda NF 125 TD4 (SUPRA X TD) | F88: 125 | G88: Besi | H88: 2013 | J88: MH1JB8112DK907969 | K88: JB81E1904136 | L88: KH4193PY | M88: K 08796070 M | N88: pembelian | O88: 1 | P88: 15971.437 | Q88: Pengadaan Kendaraan Operasional Roda Dua Program Imunisasi Puskesmas Telaga Pulang (dr. Chaliza Adnan) | S88: DINAS KESEHATAN | T88: 2 | U88: 3
A89: 73 | B89: 02.02.01.04.001 | C89: Sepeda Motor | D89: 000001 | E89: Honda NF 125 TD4 (SUPRA X TD) / Honda NF 125 TD4 (SUPRA X TD) | F89: 125 | G89: Besi | H89: 2013 | J89: MH1JB8114DK912963 | K89: JB81E1909157 | L89: KH4227PY | M89: K 08796104 M | N89: pembelian | O89: 1 | P89: 15971.437 | Q89: Pengadaan Kendaraan Operasional Roda Dua Penanggung Jawab Pustu Tumbang Salau | S89: DINAS KESEHATAN | T89: 2 | U89: 3
A90: 74 | B90: 02.02.01.04.001 | C90: Sepeda Motor | D90: 000001 | E90: Honda NF 125 TD4 (SUPRA X TD) / Honda NF 125 TD4 (SUPRA X TD) | F90: 125 | G90: Besi | H90: 2013 | J90: MH1JB811XDK913857 | K90: JB81E1909841 | L90: KH4191PY | M90: K 08796068 M | N90: pembelian | O90: 1 | P90: 15971.437 | Q90: Pengadaan Kendaraan Operasional Roda Dua Penanggung Jawab Pustu Derawa | S90: DINAS KESEHATAN | T90: 2 | U90: 3
A91: 75 | B91: 02.02.01.04.001 | C91: Sepeda Motor | D91: 000001 | E91: Honda/Supra GTR150 / Honda/Supra GTR150 | F91: 150 cc | G91: Plastik/logam | H91: 2020 | I91: - | J91: MH1KB2112LK069617 | K91: KB21E1069727 | L91: KHxxxxPY | M91: - | N91: pembelian | O91: 1 | P91: 22900 | Q91: Pengadaan Kendaraan Roda 2 Operasional (20 Unit) Program Puskesmas Rantau Pulut I, Puskesmas Rantau Pulut II, Puskesmas Tumbang Manjul, dan Puskesmas Tumbang langkai (DAK FISIK REGULER PELAYANAN KESEHATAN DASAR) | S91: DINAS KESEHATAN | T91: 2 | U91: 3
A92: 76 | B92: 02.02.01.04.001 | C92: Sepeda Motor | D92: 000002 | E92: Suzuki FD110XCD / Suzuki FD110XCD | F92: 110 | G92: Besi | H92: 2006 | J92: MH8FD110C6J596937 | K92: E405-ID-597122 | L92: KH 2100 PY | M92: D 9837393 M | N92: pembelian | O92: 1 | P92: 14500 | Q92: Sapto Legowo/PKM Terawan | S92: DINAS KESEHATAN | T92: 2 | U92: 3
A93: 77 | B93: 02.02.01.04.001 | C93: Sepeda Motor | D93: 000002 | E93: YAMAHA T105ERD / YAMAHA T105ERD | G93: Besi | H93: 2006 | J93: MH33S00016K072172 | K93: 3S0070206 | N93: Hibah | O93: 1 | P93: 14500 | Q93: Nanin Dewi Yanti/PKM Danau Sembuluh | S93: DINAS KESEHATAN | T93: 2 | U93: 3
A94: 78 | B94: 02.02.01.04.001 | C94: Sepeda Motor | D94: 000002 | E94: YAMAHA T105ERD / YAMAHA T105ERD | F94: 100 | G94: Besi | H94: 2006 | J94: MH34ST2106K062316 | K94: 4ST 1420857 | L94: KH 2071 PY | M94: D 9294113 M | N94: Hibah | O94: 1 | P94: 14500 | Q94: Toyib Abdul Gani /Puskesmas Pembuang Hulu I | S94: DINAS KESEHATAN | T94: 2 | U94: 3
A95: 79 | B95: 02.02.01.04.001 | C95: Sepeda Motor | D95: 000002 | E95: Honda NF 100 SL / Honda NF 100 SL | F95: 100 | G95: Besi | H95: 2006 | J95: MH1HB31136K168714 | K95: HB31E-1171803 | L95: KH 2148 PY | M95: E 1306204 M | N95: pembelian | O95: 1 | P95: 13500 | Q95: Elviyanti/Puskesmas Tumbang Manjul | S95: DINAS KESEHATAN | T95: 2 | U95: 3
A96: 80 | B96: 02.02.01.04.001 | C96: Sepeda Motor | D96: 000002 | E96: Honda NF 100 SL / Honda NF 100 SL | F96: 100 | G96: Besi | H96: 2007 | J96: MHIHB32137K242813 | K96: HB32E-1236818 | L96: KH 2240 PY | M96: E 7693844 M | N96: pembelian | O96: 1 | P96: 13500 | Q96: Saptosari Mulya Utami/PKM K. Pembuang I | S96: DINAS KESEHATAN | T96: 2 | U96: 3
A97: 81 | B97: 02.02.01.04.001 | C97: Sepeda Motor | D97: 000002 | E97: Honda NF 100 SL / Honda NF 100 SL | F97: 100 | G97: Besi | H97: 2007 | J97: MH1HB32117K332820 | K97: HB32E-1326772 | L97: KH 2246 PY | M97: E 7693843 M | N97: pembelian | O97: 1 | P97: 11750 | Q97: Sri Wijayanti/Puskesmas Telaga Pulang | S97: DINAS KESEHATAN | T97: 2 | U97: 3
A98: 82 | B98: 02.02.01.04.001 | C98: Sepeda Motor | D98: 000002 | E98: Honda NF100SL / Honda NF100SL | F98: 100 | G98: Besi | H98: 2007 | J98: MHIHB32197K241410 | K98: HB32E-1232054 | L98: KH 2227 PY | M98: E 7693813 M | N98: pembelian | O98: 1 | P98: 13500 | Q98: Tumpal/Puskesmas Rantau Pulut I | S98: DINAS KESEHATAN | T98: 2 | U98: 3
A99: 83 | B99: 02.02.01.04.001 | C99: Sepeda Motor | D99: 000002 | E99: Honda NF 100 SL / Honda NF 100 SL | F99: 100 | G99: Besi | H99: 2007 | J99: MH1HB32127K235965 | K99: HB32E1226162 | L99: KH 2223 PY | M99: E 7693863 M | N99: pembelian | O99: 1 | P99: 13500 | Q99: Juliansyah/Puskesmas Asam Baru | S99: DINAS KESEHATAN | T99: 2 | U99: 3
A100: 84 | B100: 02.02.01.04.001 | C100: Sepeda Motor | D100: 000002 | E100: Honda Revo / Honda Revo | F100: 110 | G100: Besi | H100: 2010 | J100: MH1JBC128AK185351 | K100: JBC1E-2025855 | L100: KH4030PY | M100: I 00186018 M | N100: pembelian | O100: 1 | P100: 13350 | Q100: Humaira Nabila/PKM K. Pembuang II | S100: DINAS KESEHATAN | T100: 2 | U100: 3
A101: 85 | B101: 02.02.01.04.001 | C101: Sepeda Motor | D101: 000002 | E101: Honda Revo / Honda Revo | F101: 110 | G101: Besi | H101: 2010 | J101: MH1JBC129AK178912 | K101: JBC1E-1999407 | L101: KH4033PY | M101: I 00186021 M | N101: pembelian | O101: 1 | P101: 13350 | Q101: Saifurrahman, A.Md, Kep/PKM Rantau Pulut II | S101: DINAS KESEHATAN | T101: 2 | U101: 3
A102: 86 | B102: 02.02.01.04.001 | C102: Sepeda Motor | D102: 000002 | E102: Honda Revo / Honda Revo | F102: 110 | G102: Besi | H102: 2010 | J102: MH1JBC125AK178955 | K102: JBC1E-2177875 | L102: KH4035PY | M102: I 00186023 M | N102: pembelian | O102: 1 | P102: 13350 | Q102: PKM Sandul | S102: DINAS KESEHATAN | T102: 2 | U102: 3
A103: 87 | B103: 02.02.01.04.001 | C103: Sepeda Motor | D103: 000002 | E103: Honda NF 125 TD4 (SUPRA X TD) / Honda NF 125 TD4 (SUPRA X TD) | F103: 125 | G103: Besi | H103: 2013 | J103: MH1JB8112DK914324 | K103: JB81E1910315 | L103: KH4252PY | M103: K 08796129 M | N103: pembelian | O103: 1 | P103: 15971.437 | Q103: Pengadaan Kendaraan Operasional Roda Dua Penanggung Jawab Pustu Tumbang Laku | S103: DINAS KESEHATAN | T103: 2 | U103: 3
A104: 88 | B104: 02.02.01.04.001 | C104: Sepeda Motor | D104: 000002 | E104: Honda/Supra GTR150 / Honda/Supra GTR150 | F104: 150 cc | G104: Plastik/ logam | H104: 2020 | I104: - | J104: MH1KB2115LK078683 | K104: KB21E1078957 | L104: KHxxxxPY | M104: - | N104: pembelian | O104: 1 | P104: 22900 | Q104: Pengadaan Kendaraan Roda 2 Operasional (20 Unit) Program Puskesmas Rantau Pulut I, Puskesmas Rantau Pulut II, Puskesmas Tumbang Manjul, dan Puskesmas Tumbang langkai (DAK FISIK REGULER PELAYANAN KESEHATAN DASAR) | S104: DINAS KESEHATAN | T104: 2 | U104: 3
A105: 89 | B105: 02.02.01.04.001 | C105: Sepeda Motor | D105: 000003 | E105: Suzuki FD125XSD / Suzuki FD125XSD | F105: 110 | G105: Besi | H105: 2006 | J105: MH8FD125X6J749656 | K105: F403-ID-749869 | L105: KH 2087 PY | M105: D 9837368 M | N105: pembelian | O105: 1 | P105: 14500 | Q105: dr. Muhammad Fariz/PKM Danau Sembuluh | S105: DINAS KESEHATAN | T105: 2 | U105: 3
A106: 90 | B106: 02.02.01.04.001 | C106: Sepeda Motor | D106: 000003 | E106: Suzuki Smash FD / Suzuki Smash FD | F106: 110 | G106: Besi | H106: 2006 | J106: MH8FD110C6J596937 | K106: E405-ID-597122 | L106: KH 2099 PY | M106: D 9837388 M | N106: pembelian | O106: 1 | P106: 14500 | Q106: Noor Ifansyah/PKM Terawan | S106: DINAS KESEHATAN | T106: 2 | U106: 3
A107: 91 | B107: 02.02.01.04.001 | C107: Sepeda Motor | D107: 000003 | E107: Suzuki FD110XCD / Suzuki FD110XCD | F107: 110 | G107: Besi | H107: 2006 | J107: MH8FD110C6J596896 | K107: E405-ID597672 | L107: KH 2107 PY | M107: D 9837401 M | N107: pembelian | O107: 1 | P107: 14500 | Q107: H. Suhaimi/Puskeesmas Pembuang Hulu | S107: DINAS KESEHATAN | T107: 2 | U107: 3
A108: 92 | B108: 02.02.01.04.001 | C108: Sepeda Motor | D108: 000003 | E108: Honda NF 100 SL / Honda NF 100 SL | F108: 100 | G108: Besi | H108: 2006 | J108: MH1HB31146K176644 | K108: HB31E1175874 | L108: KH 2149 PY | M108: E 1306205 M | N108: pembelian | O108: 1 | P108: 13500 | Q108: Dewi Hermawati/Puskesmas Tumbang Manjul | S108: DINAS KESEHATAN | T108: 2 | U108: 3
A109: 93 | B109: 02.02.01.04.001 | C109: Sepeda Motor | D109: 000003 | E109: Honda NF 100 SL / Honda NF 100 SL | F109: 100 | G109: Besi | H109: 2007 | J109: MH1HB32187K337982 | K109: HB32E1331436 | L109: KH 2252 PY | M109: E 7693852 M | N109: pembelian | O109: 1 | P109: 13500 | Q109: Rinna/Puskesmas Kuala Pembuang I | S109: DINAS KESEHATAN | T109: 2 | U109: 3
...

Sheet REKAP KENDARAAN DINAS
A1: NO | B1: NAMA SKPD | C1: SEPEDA MOTOR | E1: MOBIL | G1: BUS | I1: TRUK | K1: ALAT BERAT | M1: TRAKTOR | O1: JUMLAH TOTAL
C2: JUMLAH | D2: NILAI PEROLEHAN | E2: JUMLAH | F2: NILAI PEROLEHAN | G2: JUMLAH | H2: NILAI PEROLEHAN | I2: JUMLAH | J2: NILAI PEROLEHAN | K2: JUMLAH | L2: NILAI PEROLEHAN | M2: JUMLAH | N2: NILAI PEROLEHAN | O2: JUMLAH | P2: NILAI PEROLEHAN
A3: 1 | B3: 2 | C3: 3 | E3: 4 | G3: 5 | I3: 6 | K3: 7 | M3: 8 | P3: 9
A4: 1 | B4: DINAS PENDIDIKAN | C4: =SUMIFS('KENDARAAN DINAS'!$O:$O,'KENDARAAN DINAS'!$U:$U,'REKAP KENDARAAN DINAS'!$C$3,'KENDARAAN DINAS'!$T:$T,'REKAP KENDARAAN DINAS'!A4) -> 60 | D4: =SUMIFS('KENDARAAN DINAS'!$P:$P,'KENDARAAN DINAS'!$U:$U,'REKAP KENDARAAN DINAS'!$C$3,'KENDARAAN DINAS'!$T:$T,A4) -> 1163805 | E4: =SUMIFS('KENDARAAN DINAS'!$O:$O,'KENDARAAN DINAS'!$U:$U,$E$3,'KENDARAAN DINAS'!$T:$T,A4) -> 3 | F4: =SUMIFS('KENDARAAN DINAS'!$P:$P,'KENDARAAN DINAS'!$U:$U,$E$3,'KENDARAAN DINAS'!$T:$T,A4) -> 1267000 | G4: =SUMIFS('KENDARAAN DINAS'!$O:$O,'KENDARAAN DINAS'!$U:$U,$G$3,'KENDARAAN DINAS'!$T:$T,A4) -> 0 | H4: =SUMIFS('KENDARAAN DINAS'!$P:$P,'KENDARAAN DINAS'!$U:$U,$G$3,'KENDARAAN DINAS'!$T:$T,A4) -> 0 | I4: =SUMIFS('KENDARAAN DINAS'!$O:$O,'KENDARAAN DINAS'!$U:$U,$I$3,'KENDARAAN DINAS'!$T:$T,A4) -> 0 | J4: =SUMIFS('KENDARAAN DINAS'!$P:$P,'KENDARAAN DINAS'!$U:$U,$I$3,'KENDARAAN DINAS'!$T:$T,A4) -> 0 | K4: =SUMIFS('KENDARAAN DINAS'!$O:$O,'KENDARAAN DINAS'!$U:$U,$K$3,'KENDARAAN DINAS'!$T:$T,A4) -> 0 | L4: =SUMIFS('KENDARAAN DINAS'!$P:$P,'KENDARAAN DINAS'!$U:$U,$K$3,'KENDARAAN DINAS'!$T:$T,A5) -> 0 | M4: =SUMIFS('KENDARAAN DINAS'!$O:$O,'KENDARAAN DINAS'!$U:$U,$M$3,'KENDARAAN DINAS'!$T:$T,A4) -> 0 | N4: =SUMIFS('KENDARAAN DINAS'!$P:$P,'KENDARAAN DINAS'!$U:$U,$M$3,'KENDARAAN DINAS'!$T:$T,A4) -> 0 | O4: =C4+E4+G4+I4+K4+M4 -> 63 | P4: =D4+F4+H4+J4+L4+N4 -> 2430805
A5: 2 | B5: DINAS KESEHATAN | C5: =SUMIFS('KENDARAAN DINAS'!$O:$O,'KENDARAAN DINAS'!$U:$U,'REKAP KENDARAAN DINAS'!$C$3,'KENDARAAN DINAS'!$T:$T,'REKAP KENDARAAN DINAS'!A5) -> 215 | D5: =SUMIFS('KENDARAAN DINAS'!$P:$P,'KENDARAAN DINAS'!$U:$U,'REKAP KENDARAAN DINAS'!$C$3,'KENDARAAN DINAS'!$T:$T,A5) -> 3547025.1 | E5: =SUMIFS('KENDARAAN DINAS'!$O:$O,'KENDARAAN DINAS'!$U:$U,$E$3,'KENDARAAN DINAS'!$T:$T,A5) -> 33 | F5: =SUMIFS('KENDARAAN DINAS'!$P:$P,'KENDARAAN DINAS'!$U:$U,$E$3,'KENDARAAN DINAS'!$T:$T,A5) -> 11445354 | G5: =SUMIFS('KENDARAAN DINAS'!$O:$O,'KENDARAAN DINAS'!$U:$U,$G$3,'KENDARAAN DINAS'!$T:$T,A5) -> 0 | H5: =SUMIFS('KENDARAAN DINAS'!$P:$P,'KENDARAAN DINAS'!$U:$U,$G$3,'KENDARAAN DINAS'!$T:$T,A5) -> 0 | I5: =SUMIFS('KENDARAAN DINAS'!$O:$O,'KENDARAAN DINAS'!$U:$U,$I$3,'KENDARAAN DINAS'!$T:$T,A5) -> 1 | J5: =SUMIFS('KENDARAAN DINAS'!$P:$P,'KENDARAAN DINAS'!$U:$U,$I$3,'KENDARAAN DINAS'!$T:$T,A5) -> 643500 | K5: =SUMIFS('KENDARAAN DINAS'!$O:$O,'KENDARAAN DINAS'!$U:$U,$K$3,'KENDARAAN DINAS'!$T:$T,A5) -> 0 | L5: =SUMIFS('KENDARAAN DINAS'!$P:$P,'KENDARAAN DINAS'!$U:$U,$K$3,'KENDARAAN DINAS'!$T:$T,A6) -> 0 | M5: =SUMIFS('KENDARAAN DINAS'!$O:$O,'KENDARAAN DINAS'!$U:$U,$M$3,'KENDARAAN DINAS'!$T:$T,A5) -> 0 | N5: =SUMIFS('KENDARAAN DINAS'!$P:$P,'KENDARAAN DINAS'!$U:$U,$M$3,'KENDARAAN DINAS'!$T:$T,A5) -> 0 | O5: =C5+E5+G5+I5+K5+M5 -> 249 | P5: =D5+F5+H5+J5+L5+N5 -> 15635879
A6: 3 | B6: RUMAH SAKIT UMUM DAERAH | C6: =SUMIFS('KENDARAAN DINAS'!$O:$O,'KENDARAAN DINAS'!$U:$U,'REKAP KENDARAAN DINAS'!$C$3,'KENDARAAN DINAS'!$T:$T,'REKAP KENDARAAN DINAS'!A6) -> 13 | D6: =SUMIFS('KENDARAAN DINAS'!$P:$P,'KENDARAAN DINAS'!$U:$U,'REKAP KENDARAAN DINAS'!$C$3,'KENDARAAN DINAS'!$T:$T,A6) -> 188563.57 | E6: =SUMIFS('KENDARAAN DINAS'!$O:$O,'KENDARAAN DINAS'!$U:$U,$E$3,'KENDARAAN DINAS'!$T:$T,A6) -> 20 | F6: =SUMIFS('KENDARAAN DINAS'!$P:$P,'KENDARAAN DINAS'!$U:$U,$E$3,'KENDARAAN DINAS'!$T:$T,A6) -> 4414557.8 | G6: =SUMIFS('KENDARAAN DINAS'!$O:$O,'KENDARAAN DINAS'!$U:$U,$G$3,'KENDARAAN DINAS'!$T:$T,A6) -> 0 | H6: =SUMIFS('KENDARAAN DINAS'!$P:$P,'KENDARAAN DINAS'!$U:$U,$G$3,'KENDARAAN DINAS'!$T:$T,A6) -> 0 | I6: =SUMIFS('KENDARAAN DINAS'!$O:$O,'KENDARAAN DINAS'!$U:$U,$I$3,'KENDARAAN DINAS'!$T:$T,A6) -> 0 | J6: =SUMIFS('KENDARAAN DINAS'!$P:$P,'KENDARAAN DINAS'!$U:$U,$I$3,'KENDARAAN DINAS'!$T:$T,A6) -> 0 | K6: =SUMIFS('KENDARAAN DINAS'!$O:$O,'KENDARAAN DINAS'!$U:$U,$K$3,'KENDARAAN DINAS'!$T:$T,A6) -> 0 | L6: =SUMIFS('KENDARAAN DINAS'!$P:$P,'KENDARAAN DINAS'!$U:$U,$K$3,'KENDARAAN DINAS'!$T:$T,A7) -> 0 | M6: =SUMIFS('KENDARAAN DINAS'!$O:$O,'KENDARAAN DINAS'!$U:$U,$M$3,'KENDARAAN DINAS'!$T:$T,A6) -> 0 | N6: =SUMIFS('KENDARAAN DINAS'!$P:$P,'KENDARAAN DINAS'!$U:$U,$M$3,'KENDARAAN DINAS'!$T:$T,A6) -> 0 | O6: =C6+E6+G6+I6+K6+M6 -> 33 | P6: =D6+F6+H6+J6+L6+N6 -> 4603121.3
A7: 4 | B7: BLUD RUMAH SAKIT UMUM DAERAH KUALA PEMBUANG | C7: =SUMIFS('KENDARAAN DINAS'!$O:$O,'KENDARAAN DINAS'!$U:$U,'REKAP KENDARAAN DINAS'!$C$3,'KENDARAAN DINAS'!$T:$T,'REKAP KENDARAAN DINAS'!A7) -> 15 | D7: =SUMIFS('KENDARAAN DINAS'!$P:$P,'KENDARAAN DINAS'!$U:$U,'REKAP KENDARAAN DINAS'!$C$3,'KENDARAAN DINAS'!$T:$T,A7) -> 327325 | E7: =SUMIFS('KENDARAAN DINAS'!$O:$O,'KENDARAAN DINAS'!$U:$U,$E$3,'KENDARAAN DINAS'!$T:$T,A7) -> 2 | F7: =SUMIFS('KENDARAAN DINAS'!$P:$P,'KENDARAAN DINAS'!$U:$U,$E$3,'KENDARAAN DINAS'!$T:$T,A7) -> 927000 | G7: =SUMIFS('KENDARAAN DINAS'!$O:$O,'KENDARAAN DINAS'!$U:$U,$G$3,'KENDARAAN DINAS'!$T:$T,A7) -> 0 | H7: =SUMIFS('KENDARAAN DINAS'!$P:$P,'KENDARAAN DINAS'!$U:$U,$G$3,'KENDARAAN DINAS'!$T:$T,A7) -> 0 | I7: =SUMIFS('KENDARAAN DINAS'!$O:$O,'KENDARAAN DINAS'!$U:$U,$I$3,'KENDARAAN DINAS'!$T:$T,A7) -> 0 | J7: =SUMIFS('KENDARAAN DINAS'!$P:$P,'KENDARAAN DINAS'!$U:$U,$I$3,'KENDARAAN DINAS'!$T:$T,A7) -> 0 | K7: =SUMIFS('KENDARAAN DINAS'!$O:$O,'KENDARAAN DINAS'!$U:$U,$K$3,'KENDARAAN DINAS'!$T:$T,A7) -> 0 | L7: =SUMIFS('KENDARAAN DINAS'!$P:$P,'KENDARAAN DINAS'!$U:$U,$K$3,'KENDARAAN DINAS'!$T:$T,A8) -> 0 | M7: =SUMIFS('KENDARAAN DINAS'!$O:$O,'KENDARAAN DINAS'!$U:$U,$M$3,'KENDARAAN DINAS'!$T:$T,A7) -> 0 | N7: =SUMIFS('KENDARAAN DINAS'!$P:$P,'KENDARAAN DINAS'!$U:$U,$M$3,'KENDARAAN DINAS'!$T:$T,A7) -> 0 | O7: =C7+E7+G7+I7+K7+M7 -> 17 | P7: =D7+F7+H7+J7+L7+N7 -> 1254325
A8: 5 | B8: DINAS PEKERJAAN UMUM DAN PENATAAN RUANG | C8: =SUMIFS('KENDARAAN DINAS'!$O:$O,'KENDARAAN DINAS'!$U:$U,'REKAP KENDARAAN DINAS'!$C$3,'KENDARAAN DINAS'!$T:$T,'REKAP KENDARAAN DINAS'!A8) -> 40 | D8: =SUMIFS('KENDARAAN DINAS'!$P:$P,'KENDARAAN DINAS'!$U:$U,'REKAP KENDARAAN DINAS'!$C$3,'KENDARAAN DINAS'!$T:$T,A8) -> 1670594.5 | E8: =SUMIFS('KENDARAAN DINAS'!$O:$O,'KENDARAAN DINAS'!$U:$U,$E$3,'KENDARAAN DINAS'!$T:$T,A8) -> 7 | F8: =SUMIFS('KENDARAAN DINAS'!$P:$P,'KENDARAAN DINAS'!$U:$U,$E$3,'KENDARAAN DINAS'!$T:$T,A8) -> 3173510 | G8: =SUMIFS('KENDARAAN DINAS'!$O:$O,'KENDARAAN DINAS'!$U:$U,$G$3,'KENDARAAN DINAS'!$T:$T,A8) -> 0 | H8: =SUMIFS('KENDARAAN DINAS'!$P:$P,'KENDARAAN DINAS'!$U:$U,$G$3,'KENDARAAN DINAS'!$T:$T,A8) -> 0 | I8: =SUMIFS('KENDARAAN DINAS'!$O:$O,'KENDARAAN DINAS'!$U:$U,$I$3,'KENDARAAN DINAS'!$T:$T,A8) -> 12 | J8: =SUMIFS('KENDARAAN DINAS'!$P:$P,'KENDARAAN DINAS'!$U:$U,$I$3,'KENDARAAN DINAS'!$T:$T,A8) -> 7635264 | K8: =SUMIFS('KENDARAAN DINAS'!$O:$O,'KENDARAAN DINAS'!$U:$U,$K$3,'KENDARAAN DINAS'!$T:$T,A8) -> 0 | L8: =SUMIFS('KENDARAAN DINAS'!$P:$P,'KENDARAAN DINAS'!$U:$U,$K$3,'KENDARAAN DINAS'!$T:$T,A9) -> 0 | M8: =SUMIFS('KENDARAAN DINAS'!$O:$O,'KENDARAAN DINAS'!$U:$U,$M$3,'KENDARAAN DINAS'!$T:$T,A8) -> 0 | N8: =SUMIFS('KENDARAAN DINAS'!$P:$P,'KENDARAAN DINAS'!$U:$U,$M$3,'KENDARAAN DINAS'!$T:$T,A8) -> 0 | O8: =C8+E8+G8+I8+K8+M8 -> 59 | P8: =D8+F8+H8+J8+L8+N8 -> 12479369
A9: 6 | B9: DINAS PERUMAHAN RAKYAT DAN KAWASAN PEMUKIMAN | C9: =SUMIFS('KENDARAAN DINAS'!$O:$O,'KENDARAAN DINAS'!$U:$U,'REKAP KENDARAAN DINAS'!$C$3,'KENDARAAN DINAS'!$T:$T,'REKAP KENDARAAN DINAS'!A9) -> 24 | D9: =SUMIFS('KENDARAAN DINAS'!$P:$P,'KENDARAAN DINAS'!$U:$U,'REKAP KENDARAAN DINAS'!$C$3,'KENDARAAN DINAS'!$T:$T,A9) -> 565149.33 | E9: =SUMIFS('KENDARAAN DINAS'!$O:$O,'KENDARAAN DINAS'!$U:$U,$E$3,'KENDARAAN DINAS'!$T:$T,A9) -> 2 | F9: =SUMIFS('KENDARAAN DINAS'!$P:$P,'KENDARAAN DINAS'!$U:$U,$E$3,'KENDARAAN DINAS'!$T:$T,A9) -> 744200 | G9: =SUMIFS('KENDARAAN DINAS'!$O:$O,'KENDARAAN DINAS'!$U:$U,$G$3,'KENDARAAN DINAS'!$T:$T,A9) -> 0 | H9: =SUMIFS('KENDARAAN DINAS'!$P:$P,'KENDARAAN DINAS'!$U:$U,$G$3,'KENDARAAN DINAS'!$T:$T,A9) -> 0 | I9: =SUMIFS('KENDARAAN DINAS'!$O:$O,'KENDARAAN DINAS'!$U:$U,$I$3,'KENDARAAN DINAS'!$T:$T,A9) -> 0 | J9: =SUMIFS('KENDARAAN DINAS'!$P:$P,'KENDARAAN DINAS'!$U:$U,$I$3,'KENDARAAN DINAS'!$T:$T,A9) -> 0 | K9: =SUMIFS('KENDARAAN DINAS'!$O:$O,'KENDARAAN DINAS'!$U:$U,$K$3,'KENDARAAN DINAS'!$T:$T,A9) -> 0 | L9: =SUMIFS('KENDARAAN DINAS'!$P:$P,'KENDARAAN DINAS'!$U:$U,$K$3,'KENDARAAN DINAS'!$T:$T,A10) -> 0 | M9: =SUMIFS('KENDARAAN DINAS'!$O:$O,'KENDARAAN DINAS'!$U:$U,$M$3,'KENDARAAN DINAS'!$T:$T,A9) -> 0 | N9: =SUMIFS('KENDARAAN DINAS'!$P:$P,'KENDARAAN DINAS'!$U:$U,$M$3,'KENDARAAN DINAS'!$T:$T,A9) -> 0 | O9: =C9+E9+G9+I9+K9+M9 -> 26 | P9: =D9+F9+H9+J9+L9+N9 -> 1309349.3
A10: 7 | B10: SATUAN POLISI PAMONG PRAJA DAN PEMADAM KEBAKARAN | C10: =SUMIFS('KENDARAAN DINAS'!$O:$O,'KENDARAAN DINAS'!$U:$U,'REKAP KENDARAAN DINAS'!$C$3,'KENDARAAN DINAS'!$T:$T,'REKAP KENDARAAN DINAS'!A10) -> 8 | D10: =SUMIFS('KENDARAAN DINAS'!$P:$P,'KENDARAAN DINAS'!$U:$U,'REKAP KENDARAAN DINAS'!$C$3,'KENDARAAN DINAS'!$T:$T,A10) -> 218588 | E10: =SUMIFS('KENDARAAN DINAS'!$O:$O,'KENDARAAN DINAS'!$U:$U,$E$3,'KENDARAAN DINAS'!$T:$T,A10) -> 4 | F10: =SUMIFS('KENDARAAN DINAS'!$P:$P,'KENDARAAN DINAS'!$U:$U,$E$3,'KENDARAAN DINAS'!$T:$T,A10) -> 1406720 | G10: =SUMIFS('KENDARAAN DINAS'!$O:$O,'KENDARAAN DINAS'!$U:$U,$G$3,'KENDARAAN DINAS'!$T:$T,A10) -> 0 | H10: =SUMIFS('KENDARAAN DINAS'!$P:$P,'KENDARAAN DINAS'!$U:$U,$G$3,'KENDARAAN DINAS'!$T:$T,A10) -> 0 | I10: =SUMIFS('KENDARAAN DINAS'!$O:$O,'KENDARAAN DINAS'!$U:$U,$I$3,'KENDARAAN DINAS'!$T:$T,A10) -> 1 | J10: =SUMIFS('KENDARAAN DINAS'!$P:$P,'KENDARAAN DINAS'!$U:$U,$I$3,'KENDARAAN DINAS'!$T:$T,A10) -> 358291 | K10: =SUMIFS('KENDARAAN DINAS'!$O:$O,'KENDARAAN DINAS'!$U:$U,$K$3,'KENDARAAN DINAS'!$T:$T,A10) -> 0 | L10: =SUMIFS('KENDARAAN DINAS'!$P:$P,'KENDARAAN DINAS'!$U:$U,$K$3,'KENDARAAN DINAS'!$T:$T,A11) -> 0 | M10: =SUMIFS('KENDARAAN DINAS'!$O:$O,'KENDARAAN DINAS'!$U:$U,$M$3,'KENDARAAN DINAS'!$T:$T,A10) -> 0 | N10: =SUMIFS('KENDARAAN DINAS'!$P:$P,'KENDARAAN DINAS'!$U:$U,$M$3,'KENDARAAN DINAS'!$T:$T,A10) -> 0 | O10: =C10+E10+G10+I10+K10+M10 -> 13 | P10: =D10+F10+H10+J10+L10+N10 -> 1983599
A11: 8 | B11: BADAN KESATUAN BANGSA DAN POLITIK | C11: =SUMIFS('KENDARAAN DINAS'!$O:$O,'KENDARAAN DINAS'!$U:$U,'REKAP KENDARAAN DINAS'!$C$3,'KENDARAAN DINAS'!$T:$T,'REKAP KENDARAAN DINAS'!A11) -> 9 | D11: =SUMIFS('KENDARAAN DINAS'!$P:$P,'KENDARAAN DINAS'!$U:$U,'REKAP KENDARAAN DINAS'!$C$3,'KENDARAAN DINAS'!$T:$T,A11) -> 167628.3 | E11: =SUMIFS('KENDARAAN DINAS'!$O:$O,'KENDARAAN DINAS'!$U:$U,$E$3,'KENDARAAN DINAS'!$T:$T,A11) -> 2 | F11: =SUMIFS('KENDARAAN DINAS'!$P:$P,'KENDARAAN DINAS'!$U:$U,$E$3,'KENDARAAN DINAS'!$T:$T,A11) -> 532945 | G11: =SUMIFS('KENDARAAN DINAS'!$O:$O,'KENDARAAN DINAS'!$U:$U,$G$3,'KENDARAAN DINAS'!$T:$T,A11) -> 0 | H11: =SUMIFS('KENDARAAN DINAS'!$P:$P,'KENDARAAN DINAS'!$U:$U,$G$3,'KENDARAAN DINAS'!$T:$T,A11) -> 0 | I11: =SUMIFS('KENDARAAN DINAS'!$O:$O,'KENDARAAN DINAS'!$U:$U,$I$3,'KENDARAAN DINAS'!$T:$T,A11) -> 0 | J11: =SUMIFS('KENDARAAN DINAS'!$P:$P,'KENDARAAN DINAS'!$U:$U,$I$3,'KENDARAAN DINAS'!$T:$T,A11) -> 0 | K11: =SUMIFS('KENDARAAN DINAS'!$O:$O,'KENDARAAN DINAS'!$U:$U,$K$3,'KENDARAAN DINAS'!$T:$T,A11) -> 0 | L11: =SUMIFS('KENDARAAN DINAS'!$P:$P,'KENDARAAN DINAS'!$U:$U,$K$3,'KENDARAAN DINAS'!$T:$T,A12) -> 0 | M11: =SUMIFS('KENDARAAN DINAS'!$O:$O,'KENDARAAN DINAS'!$U:$U,$M$3,'KENDARAAN DINAS'!$T:$T,A11) -> 0 | N11: =SUMIFS('KENDARAAN DINAS'!$P:$P,'KENDARAAN DINAS'!$U:$U,$M$3,'KENDARAAN DINAS'!$T:$T,A11) -> 0 | O11: =C11+E11+G11+I11+K11+M11 -> 11 | P11: =D11+F11+H11+J11+L11+N11 -> 700573.3
A12: 9 | B12: DINAS SOSIAL | C12: =SUMIFS('KENDARAAN DINAS'!$O:$O,'KENDARAAN DINAS'!$U:$U,'REKAP KENDARAAN DINAS'!$C$3,'KENDARAAN DINAS'!$T:$T,'REKAP KENDARAAN DINAS'!A12) -> 10 | D12: =SUMIFS('KENDARAAN DINAS'!$P:$P,'KENDARAAN DINAS'!$U:$U,'REKAP KENDARAAN DINAS'!$C$3,'KENDARAAN DINAS'!$T:$T,A12) -> 178791.6 | E12: =SUMIFS('KENDARAAN DINAS'!$O:$O,'KENDARAAN DINAS'!$U:$U,$E$3,'KENDARAAN DINAS'!$T:$T,A12) -> 3 | F12: =SUMIFS('KENDARAAN DINAS'!$P:$P,'KENDARAAN DINAS'!$U:$U,$E$3,'KENDARAAN DINAS'!$T:$T,A12) -> 1163270 | G12: =SUMIFS('KENDARAAN DINAS'!$O:$O,'KENDARAAN DINAS'!$U:$U,$G$3,'KENDARAAN DINAS'!$T:$T,A12) -> 0 | H12: =SUMIFS('KENDARAAN DINAS'!$P:$P,'KENDARAAN DINAS'!$U:$U,$G$3,'KENDARAAN DINAS'!$T:$T,A12) -> 0 | I12: =SUMIFS('KENDARAAN DINAS'!$O:$O,'KENDARAAN DINAS'!$U:$U,$I$3,'KENDARAAN DINAS'!$T:$T,A12) -> 0 | J12: =SUMIFS('KENDARAAN DINAS'!$P:$P,'KENDARAAN DINAS'!$U:$U,$I$3,'KENDARAAN DINAS'!$T:$T,A12) -> 0 | K12: =SUMIFS('KENDARAAN DINAS'!$O:$O,'KENDARAAN DINAS'!$U:$U,$K$3,'KENDARAAN DINAS'!$T:$T,A12) -> 0 | L12: =SUMIFS('KENDARAAN DINAS'!$P:$P,'KENDARAAN DINAS'!$U:$U,$K$3,'KENDARAAN DINAS'!$T:$T,A13) -> 0 | M12: =SUMIFS('KENDARAAN DINAS'!$O:$O,'KENDARAAN DINAS'!$U:$U,$M$3,'KENDARAAN DINAS'!$T:$T,A12) -> 0 | N12: =SUMIFS('KENDARAAN DINAS'!$P:$P,'KENDARAAN DINAS'!$U:$U,$M$3,'KENDARAAN DINAS'!$T:$T,A12) -> 0 | O12: =C12+E12+G12+I12+K12+M12 -> 13 | P12: =D12+F12+H12+J12+L12+N12 -> 1342061.6
A13: 10 | B13: DINAS TENAGA KERJA DAN TRANSMIGRASI | C13: =SUMIFS('KENDARAAN DINAS'!$O:$O,'KENDARAAN DINAS'!$U:$U,'REKAP KENDARAAN DINAS'!$C$3,'KENDARAAN DINAS'!$T:$T,'REKAP KENDARAAN DINAS'!A13) -> 13 | D13: =SUMIFS('KENDARAAN DINAS'!$P:$P,'KENDARAAN DINAS'!$U:$U,'REKAP KENDARAAN DINAS'!$C$3,'KENDARAAN DINAS'!$T:$T,A13) -> 213429.98 | E13: =SUMIFS('KENDARAAN DINAS'!$O:$O,'KENDARAAN DINAS'!$U:$U,$E$3,'KENDARAAN DINAS'!$T:$T,A13) -> 2 | F13: =SUMIFS('KENDARAAN DINAS'!$P:$P,'KENDARAAN DINAS'!$U:$U,$E$3,'KENDARAAN DINAS'!$T:$T,A13) -> 472787.2 | G13: =SUMIFS('KENDARAAN DINAS'!$O:$O,'KENDARAAN DINAS'!$U:$U,$G$3,'KENDARAAN DINAS'!$T:$T,A13) -> 0 | H13: =SUMIFS('KENDARAAN DINAS'!$P:$P,'KENDARAAN DINAS'!$U:$U,$G$3,'KENDARAAN DINAS'!$T:$T,A13) -> 0 | I13: =SUMIFS('KENDARAAN DINAS'!$O:$O,'KENDARAAN DINAS'!$U:$U,$I$3,'KENDARAAN DINAS'!$T:$T,A13) -> 0 | J13: =SUMIFS('KENDARAAN DINAS'!$P:$P,'KENDARAAN DINAS'!$U:$U,$I$3,'KENDARAAN DINAS'!$T:$T,A13) -> 0 | K13: =SUMIFS('KENDARAAN DINAS'!$O:$O,'KENDARAAN DINAS'!$U:$U,$K$3,'KENDARAAN DINAS'!$T:$T,A13) -> 0 | L13: =SUMIFS('KENDARAAN DINAS'!$P:$P,'KENDARAAN DINAS'!$U:$U,$K$3,'KENDARAAN DINAS'!$T:$T,A14) -> 0 | M13: =SUMIFS('KENDARAAN DINAS'!$O:$O,'KENDARAAN DINAS'!$U:$U,$M$3,'KENDARAAN DINAS'!$T:$T,A13) -> 0 | N13: =SUMIFS('KENDARAAN DINAS'!$P:$P,'KENDARAAN DINAS'!$U:$U,$M$3,'KENDARAAN DINAS'!$T:$T,A13) -> 0 | O13: =C13+E13+G13+I13+K13+M13 -> 15 | P13: =D13+F13+H13+J13+L13+N13 -> 686217.18
A14: 11 | B14: DINAS PEMBERDAYAAN PEREMPUAN, PERLINDUNGAN ANAK, PENGENDALIAN PENDUDUK DAN KELUARGA BERENCANA | C14: =SUMIFS('KENDARAAN DINAS'!$O:$O,'KENDARAAN DINAS'!$U:$U,'REKAP KENDARAAN DINAS'!$C$3,'KENDARAAN DINAS'!$T:$T,'REKAP KENDARAAN DINAS'!A14) -> 24 | D14: =SUMIFS('KENDARAAN DINAS'!$P:$P,'KENDARAAN DINAS'!$U:$U,'REKAP KENDARAAN DINAS'!$C$3,'KENDARAAN DINAS'!$T:$T,A14) -> 469707.33 | E14: =SUMIFS('KENDARAAN DINAS'!$O:$O,'KENDARAAN DINAS'!$U:$U,$E$3,'KENDARAAN DINAS'!$T:$T,A14) -> 2 | F14: =SUMIFS('KENDARAAN DINAS'!$P:$P,'KENDARAAN DINAS'!$U:$U,$E$3,'KENDARAAN DINAS'!$T:$T,A14) -> 907095 | G14: =SUMIFS('KENDARAAN DINAS'!$O:$O,'KENDARAAN DINAS'!$U:$U,$G$3,'KENDARAAN DINAS'!$T:$T,A14) -> 0 | H14: =SUMIFS('KENDARAAN DINAS'!$P:$P,'KENDARAAN DINAS'!$U:$U,$G$3,'KENDARAAN DINAS'!$T:$T,A14) -> 0 | I14: =SUMIFS('KENDARAAN DINAS'!$O:$O,'KENDARAAN DINAS'!$U:$U,$I$3,'KENDARAAN DINAS'!$T:$T,A14) -> 0 | J14: =SUMIFS('KENDARAAN DINAS'!$P:$P,'KENDARAAN DINAS'!$U:$U,$I$3,'KENDARAAN DINAS'!$T:$T,A14) -> 0 | K14: =SUMIFS('KENDARAAN DINAS'!$O:$O,'KENDARAAN DINAS'!$U:$U,$K$3,'KENDARAAN DINAS'!$T:$T,A14) -> 0 | L14: =SUMIFS('KENDARAAN DINAS'!$P:$P,'KENDARAAN DINAS'!$U:$U,$K$3,'KENDARAAN DINAS'!$T:$T,A15) -> 0 | M14: =SUMIFS('KENDARAAN DINAS'!$O:$O,'KENDARAAN DINAS'!$U:$U,$M$3,'KENDARAAN DINAS'!$T:$T,A14) -> 0 | N14: =SUMIFS('KENDARAAN DINAS'!$P:$P,'KENDARAAN DINAS'!$U:$U,$M$3,'KENDARAAN DINAS'!$T:$T,A14) -> 0 | O14: =C14+E14+G14+I14+K14+M14 -> 26 | P14: =D14+F14+H14+J14+L14+N14 -> 1376802.3
A15: 12 | B15: DINAS KETAHANAN PANGAN DAN PERTANIAN | C15: =SUMIFS('KENDARAAN DINAS'!$O:$O,'KENDARAAN DINAS'!$U:$U,'REKAP KENDARAAN DINAS'!$C$3,'KENDARAAN DINAS'!$T:$T,'REKAP KENDARAAN DINAS'!A15) -> 78 | D15: =SUMIFS('KENDARAAN DINAS'!$P:$P,'KENDARAAN DINAS'!$U:$U,'REKAP KENDARAAN DINAS'!$C$3,'KENDARAAN DINAS'!$T:$T,A15) -> 1174700.5 | E15: =SUMIFS('KENDARAAN DINAS'!$O:$O,'KENDARAAN DINAS'!$U:$U,$E$3,'KENDARAAN DINAS'!$T:$T,A15) -> 5 | F15: =SUMIFS('KENDARAAN DINAS'!$P:$P,'KENDARAAN DINAS'!$U:$U,$E$3,'KENDARAAN DINAS'!$T:$T,A15) -> 1154160 | G15: =SUMIFS('KENDARAAN DINAS'!$O:$O,'KENDARAAN DINAS'!$U:$U,$G$3,'KENDARAAN DINAS'!$T:$T,A15) -> 0 | H15: =SUMIFS('KENDARAAN DINAS'!$P:$P,'KENDARAAN DINAS'!$U:$U,$G$3,'KENDARAAN DINAS'!$T:$T,A15) -> 0 | I15: =SUMIFS('KENDARAAN DINAS'!$O:$O,'KENDARAAN DINAS'!$U:$U,$I$3,'KENDARAAN DINAS'!$T:$T,A15) -> 0 | J15: =SUMIFS('KENDARAAN DINAS'!$P:$P,'KENDARAAN DINAS'!$U:$U,$I$3,'KENDARAAN DINAS'!$T:$T,A15) -> 0 | K15: =SUMIFS('KENDARAAN DINAS'!$O:$O,'KENDARAAN DINAS'!$U:$U,$K$3,'KENDARAAN DINAS'!$T:$T,A15) -> 0 | L15: =SUMIFS('KENDARAAN DINAS'!$P:$P,'KENDARAAN DINAS'!$U:$U,$K$3,'KENDARAAN DINAS'!$T:$T,A16) -> 0 | M15: =SUMIFS('KENDARAAN DINAS'!$O:$O,'KENDARAAN DINAS'!$U:$U,$M$3,'KENDARAAN DINAS'!$T:$T,A15) -> 0 | N15: =SUMIFS('KENDARAAN DINAS'!$P:$P,'KENDARAAN DINAS'!$U:$U,$M$3,'KENDARAAN DINAS'!$T:$T,A15) -> 0 | O15: =C15+E15+G15+I15+K15+M15 -> 83 | P15: =D15+F15+H15+J15+L15+N15 -> 2328860.5
... A35: 32 | B35: KECAMATAN DANAU SEMBULUH | C35: =SUMIFS('KENDARAAN DINAS'!$O:$O,'KENDARAAN DINAS'!$U:$U,'REKAP KENDARAAN DINAS'!$C$3,'KENDARAAN DINAS'!$T:$T,'REKAP KENDARAAN DINAS'!A35) -> 6 | D35: =SUMIFS('KENDARAAN DINAS'!$P:$P,'KENDARAAN DINAS'!$U:$U,'REKAP KENDARAAN DINAS'!$C$3,'KENDARAAN DINAS'!$T:$T,A35) -> 94430.267 | E35: =SUMIFS('KENDARAAN DINAS'!$O:$O,'KENDARAAN DINAS'!$U:$U,$E$3,'KENDARAAN DINAS'!$T:$T,A35) -> 1 | F35: =SUMIFS('KENDARAAN DINAS'!$P:$P,'KENDARAAN DINAS'!$U:$U,$E$3,'KENDARAAN DINAS'!$T:$T,A35) -> 470900 | G35: =SUMIFS('KENDARAAN DINAS'!$O:$O,'KENDARAAN DINAS'!$U:$U,$G$3,'KENDARAAN DINAS'!$T:$T,A35) -> 0 | H35: =SUMIFS('KENDARAAN DINAS'!$P:$P,'KENDARAAN DINAS'!$U:$U,$G$3,'KENDARAAN DINAS'!$T:$T,A35) -> 0 | I35: =SUMIFS('KENDARAAN DINAS'!$O:$O,'KENDARAAN DINAS'!$U:$U,$I$3,'KENDARAAN DINAS'!$T:$T,A35) -> 0 | J35: =SUMIFS('KENDARAAN DINAS'!$P:$P,'KENDARAAN DINAS'!$U:$U,$I$3,'KENDARAAN DINAS'!$T:$T,A35) -> 0 | K35: =SUMIFS('KENDARAAN DINAS'!$O:$O,'KENDARAAN DINAS'!$U:$U,$K$3,'KENDARAAN DINAS'!$T:$T,A35) -> 0 | L35: =SUMIFS('KENDARAAN DINAS'!$P:$P,'KENDARAAN DINAS'!$U:$U,$K$3,'KENDARAAN DINAS'!$T:$T,A36) -> 0 | M35: =SUMIFS('KENDARAAN DINAS'!$O:$O,'KENDARAAN DINAS'!$U:$U,$M$3,'KENDARAAN DINAS'!$T:$T,A35) -> 0 | N35: =SUMIFS('KENDARAAN DINAS'!$P:$P,'KENDARAAN DINAS'!$U:$U,$M$3,'KENDARAAN DINAS'!$T:$T,A35) -> 0 | O35: =C35+E35+G35+I35+K35+M35 -> 7 | P35: =D35+F35+H35+J35+L35+N35 -> 565330.27
A36: 33 | B36: KECAMATAN HANAU | C36: =SUMIFS('KENDARAAN DINAS'!$O:$O,'KENDARAAN DINAS'!$U:$U,'REKAP KENDARAAN DINAS'!$C$3,'KENDARAAN DINAS'!$T:$T,'REKAP KENDARAAN DINAS'!A36) -> 9 | D36: =SUMIFS('KENDARAAN DINAS'!$P:$P,'KENDARAAN DINAS'!$U:$U,'REKAP KENDARAAN DINAS'!$C$3,'KENDARAAN DINAS'!$T:$T,A36) -> 160667.13 | E36: =SUMIFS('KENDARAAN DINAS'!$O:$O,'KENDARAAN DINAS'!$U:$U,$E$3,'KENDARAAN DINAS'!$T:$T,A36) -> 1 | F36: =SUMIFS('KENDARAAN DINAS'!$P:$P,'KENDARAAN DINAS'!$U:$U,$E$3,'KENDARAAN DINAS'!$T:$T,A36) -> 477500 | G36: =SUMIFS('KENDARAAN DINAS'!$O:$O,'KENDARAAN DINAS'!$U:$U,$G$3,'KENDARAAN DINAS'!$T:$T,A36) -> 0 | H36: - | I36: =SUMIFS('KENDARAAN DINAS'!$O:$O,'KENDARAAN DINAS'!$U:$U,$I$3,'KENDARAAN DINAS'!$T:$T,A36) -> 0 | J36: =SUMIFS('KENDARAAN DINAS'!$P:$P,'KENDARAAN DINAS'!$U:$U,$I$3,'KENDARAAN DINAS'!$T:$T,A36) -> 0 | K36: =SUMIFS('KENDARAAN DINAS'!$O:$O,'KENDARAAN DINAS'!$U:$U,$K$3,'KENDARAAN DINAS'!$T:$T,A36) -> 0 | L36: =SUMIFS('KENDARAAN DINAS'!$P:$P,'KENDARAAN DINAS'!$U:$U,$K$3,'KENDARAAN DINAS'!$T:$T,A37) -> 0 | M36: =SUMIFS('KENDARAAN DINAS'!$O:$O,'KENDARAAN DINAS'!$U:$U,$M$3,'KENDARAAN DINAS'!$T:$T,A36) -> 0 | N36: =SUMIFS('KENDARAAN DINAS'!$P:$P,'KENDARAAN DINAS'!$U:$U,$M$3,'KENDARAAN DINAS'!$T:$T,A36) -> 0 | O36: =C36+E36+G36+I36+K36+M36 -> 10 | P36: =D36+F36+H36+J36+L36+N36 -> #VALUE!
A37: 34 | B37: KECAMATAN SERUYAN HILIR | C37: =SUMIFS('KENDARAAN DINAS'!$O:$O,'KENDARAAN DINAS'!$U:$U,'REKAP KENDARAAN DINAS'!$C$3,'KENDARAAN DINAS'!$T:$T,'REKAP KENDARAAN DINAS'!A37) -> 23 | D37: =SUMIFS('KENDARAAN DINAS'!$P:$P,'KENDARAAN DINAS'!$U:$U,'REKAP KENDARAAN DINAS'!$C$3,'KENDARAAN DINAS'!$T:$T,A37) -> 521298.82 | E37: =SUMIFS('KENDARAAN DINAS'!$O:$O,'KENDARAAN DINAS'!$U:$U,$E$3,'KENDARAAN DINAS'!$T:$T,A37) -> 3 | F37: =SUMIFS('KENDARAAN DINAS'!$P:$P,'KENDARAAN DINAS'!$U:$U,$E$3,'KENDARAAN DINAS'!$T:$T,A37) -> 888600 | G37: =SUMIFS('KENDARAAN DINAS'!$O:$O,'KENDARAAN DINAS'!$U:$U,$G$3,'KENDARAAN DINAS'!$T:$T,A37) -> 0 | H37: =SUMIFS('KENDARAAN DINAS'!$P:$P,'KENDARAAN DINAS'!$U:$U,$G$3,'KENDARAAN DINAS'!$T:$T,A37) -> 0 | I37: =SUMIFS('KENDARAAN DINAS'!$O:$O,'KENDARAAN DINAS'!$U:$U,$I$3,'KENDARAAN DINAS'!$T:$T,A37) -> 0 | J37: =SUMIFS('KENDARAAN DINAS'!$P:$P,'KENDARAAN DINAS'!$U:$U,$I$3,'KENDARAAN DINAS'!$T:$T,A37) -> 0 | K37: =SUMIFS('KENDARAAN DINAS'!$O:$O,'KENDARAAN DINAS'!$U:$U,$K$3,'KENDARAAN DINAS'!$T:$T,A37) -> 0 | L37: =SUMIFS('KENDARAAN DINAS'!$P:$P,'KENDARAAN DINAS'!$U:$U,$K$3,'KENDARAAN DINAS'!$T:$T,A38) -> 0 | M37: =SUMIFS('KENDARAAN DINAS'!$O:$O,'KENDARAAN DINAS'!$U:$U,$M$3,'KENDARAAN DINAS'!$T:$T,A37) -> 0 | N37: =SUMIFS('KENDARAAN DINAS'!$P:$P,'KENDARAAN DINAS'!$U:$U,$M$3,'KENDARAAN DINAS'!$T:$T,A37) -> 0 | O37: =C37+E37+G37+I37+K37+M37 -> 26 | P37: =D37+F37+H37+J37+L37+N37 -> 1409898.8
A38: 35 | B38: KECAMATAN SERUYAN HULU | C38: =SUMIFS('KENDARAAN DINAS'!$O:$O,'KENDARAAN DINAS'!$U:$U,'REKAP KENDARAAN DINAS'!$C$3,'KENDARAAN DINAS'!$T:$T,'REKAP KENDARAAN DINAS'!A38) -> 8 | D38: =SUMIFS('KENDARAAN DINAS'!$P:$P,'KENDARAAN DINAS'!$U:$U,'REKAP KENDARAAN DINAS'!$C$3,'KENDARAAN DINAS'!$T:$T,A38) -> 151584.13 | E38: =SUMIFS('KENDARAAN DINAS'!$O:$O,'KENDARAAN DINAS'!$U:$U,$E$3,'KENDARAAN DINAS'!$T:$T,A38) -> 1 | F38: =SUMIFS('KENDARAAN DINAS'!$P:$P,'KENDARAAN DINAS'!$U:$U,$E$3,'KENDARAAN DINAS'!$T:$T,A38) -> 425500 | G38: =SUMIFS('KENDARAAN DINAS'!$O:$O,'KENDARAAN DINAS'!$U:$U,$G$3,'KENDARAAN DINAS'!$T:$T,A38) -> 0 | H38: =SUMIFS('KENDARAAN DINAS'!$P:$P,'KENDARAAN DINAS'!$U:$U,$G$3,'KENDARAAN DINAS'!$T:$T,A38) -> 0 | I38: =SUMIFS('KENDARAAN DINAS'!$O:$O,'KENDARAAN DINAS'!$U:$U,$I$3,'KENDARAAN DINAS'!$T:$T,A38) -> 1 | J38: =SUMIFS('KENDARAAN DINAS'!$P:$P,'KENDARAAN DINAS'!$U:$U,$I$3,'KENDARAAN DINAS'!$T:$T,A38) -> 310000 | K38: =SUMIFS('KENDARAAN DINAS'!$O:$O,'KENDARAAN DINAS'!$U:$U,$K$3,'KENDARAAN DINAS'!$T:$T,A38) -> 0 | L38: =SUMIFS('KENDARAAN DINAS'!$P:$P,'KENDARAAN DINAS'!$U:$U,$K$3,'KENDARAAN DINAS'!$T:$T,A39) -> 0 | M38: =SUMIFS('KENDARAAN DINAS'!$O:$O,'KENDARAAN DINAS'!$U:$U,$M$3,'KENDARAAN DINAS'!$T:$T,A38) -> 0 | N38: =SUMIFS('KENDARAAN DINAS'!$P:$P,'KENDARAAN DINAS'!$U:$U,$M$3,'KENDARAAN DINAS'!$T:$T,A38) -> 0 | O38: =C38+E38+G38+I38+K38+M38 -> 10 | P38: =D38+F38+H38+J38+L38+N38 -> 887084.13
A39: 36 | B39: KECAMATAN BATU AMPAR | C39: =SUMIFS('KENDARAAN DINAS'!$O:$O,'KENDARAAN DINAS'!$U:$U,'REKAP KENDARAAN DINAS'!$C$3,'KENDARAAN DINAS'!$T:$T,'REKAP KENDARAAN DINAS'!A39) -> 6 | D39: =SUMIFS('KENDARAAN DINAS'!$P:$P,'KENDARAAN DINAS'!$U:$U,'REKAP KENDARAAN DINAS'!$C$3,'KENDARAAN DINAS'!$T:$T,A39) -> 119575.76 | E39: =SUMIFS('KENDARAAN DINAS'!$O:$O,'KENDARAAN DINAS'!$U:$U,$E$3,'KENDARAAN DINAS'!$T:$T,A39) -> 2 | F39: =SUMIFS('KENDARAAN DINAS'!$P:$P,'KENDARAAN DINAS'!$U:$U,$E$3,'KENDARAAN DINAS'!$T:$T,A39) -> 870150 | G39: =SUMIFS('KENDARAAN DINAS'!$O:$O,'KENDARAAN DINAS'!$U:$U,$G$3,'KENDARAAN DINAS'!$T:$T,A39) -> 0 | H39: =SUMIFS('KENDARAAN DINAS'!$P:$P,'KENDARAAN DINAS'!$U:$U,$G$3,'KENDARAAN DINAS'!$T:$T,A39) -> 0 | I39: =SUMIFS('KENDARAAN DINAS'!$O:$O,'KENDARAAN DINAS'!$U:$U,$I$3,'KENDARAAN DINAS'!$T:$T,A39) -> 0 | J39: =SUMIFS('KENDARAAN DINAS'!$P:$P,'KENDARAAN DINAS'!$U:$U,$I$3,'KENDARAAN DINAS'!$T:$T,A39) -> 0 | K39: =SUMIFS('KENDARAAN DINAS'!$O:$O,'KENDARAAN DINAS'!$U:$U,$K$3,'KENDARAAN DINAS'!$T:$T,A39) -> 0 | L39: =SUMIFS('KENDARAAN DINAS'!$P:$P,'KENDARAAN DINAS'!$U:$U,$K$3,'KENDARAAN DINAS'!$T:$T,A40) -> 0 | M39: =SUMIFS('KENDARAAN DINAS'!$O:$O,'KENDARAAN DINAS'!$U:$U,$M$3,'KENDARAAN DINAS'!$T:$T,A39) -> 0 | N39: =SUMIFS('KENDARAAN DINAS'!$P:$P,'KENDARAAN DINAS'!$U:$U,$M$3,'KENDARAAN DINAS'!$T:$T,A39) -> 0 | O39: =C39+E39+G39+I39+K39+M39 -> 8 | P39: =D39+F39+H39+J39+L39+N39 -> 989725.76
A40: 37 | B40: KECAMATAN SERUYAN RAYA | C40: =SUMIFS('KENDARAAN DINAS'!$O:$O,'KENDARAAN DINAS'!$U:$U,'REKAP KENDARAAN DINAS'!$C$3,'KENDARAAN DINAS'!$T:$T,'REKAP KENDARAAN DINAS'!A40) -> 4 | D40: =SUMIFS('KENDARAAN DINAS'!$P:$P,'KENDARAAN DINAS'!$U:$U,'REKAP KENDARAAN DINAS'!$C$3,'KENDARAAN DINAS'!$T:$T,A40) -> 78577.55 | E40: =SUMIFS('KENDARAAN DINAS'!$O:$O,'KENDARAAN DINAS'!$U:$U,$E$3,'KENDARAAN DINAS'!$T:$T,A40) -> 0 | F40: =SUMIFS('KENDARAAN DINAS'!$P:$P,'KENDARAAN DINAS'!$U:$U,$E$3,'KENDARAAN DINAS'!$T:$T,A40) -> 0 | G40: =SUMIFS('KENDARAAN DINAS'!$O:$O,'KENDARAAN DINAS'!$U:$U,$G$3,'KENDARAAN DINAS'!$T:$T,A40) -> 0 | H40: =SUMIFS('KENDARAAN DINAS'!$P:$P,'KENDARAAN DINAS'!$U:$U,$G$3,'KENDARAAN DINAS'!$T:$T,A40) -> 0 | I40: =SUMIFS('KENDARAAN DINAS'!$O:$O,'KENDARAAN DINAS'!$U:$U,$I$3,'KENDARAAN DINAS'!$T:$T,A40) -> 0 | J40: =SUMIFS('KENDARAAN DINAS'!$P:$P,'KENDARAAN DINAS'!$U:$U,$I$3,'KENDARAAN DINAS'!$T:$T,A40) -> 0 | K40: =SUMIFS('KENDARAAN DINAS'!$O:$O,'KENDARAAN DINAS'!$U:$U,$K$3,'KENDARAAN DINAS'!$T:$T,A40) -> 0 | L40: =SUMIFS('KENDARAAN DINAS'!$P:$P,'KENDARAAN DINAS'!$U:$U,$K$3,'KENDARAAN DINAS'!$T:$T,A41) -> 0 | M40: =SUMIFS('KENDARAAN DINAS'!$O:$O,'KENDARAAN DINAS'!$U:$U,$M$3,'KENDARAAN DINAS'!$T:$T,A40) -> 0 | N40: =SUMIFS('KENDARAAN DINAS'!$P:$P,'KENDARAAN DINAS'!$U:$U,$M$3,'KENDARAAN DINAS'!$T:$T,A40) -> 0 | O40: =C40+E40+G40+I40+K40+M40 -> 4 | P40: =D40+F40+H40+J40+L40+N40 -> 78577.55
A41: 38 | B41: KECAMATAN DANAU SELULUK | C41: =SUMIFS('KENDARAAN DINAS'!$O:$O,'KENDARAAN DINAS'!$U:$U,'REKAP KENDARAAN DINAS'!$C$3,'KENDARAAN DINAS'!$T:$T,'REKAP KENDARAAN DINAS'!A41) -> 4 | D41: =SUMIFS('KENDARAAN DINAS'!$P:$P,'KENDARAAN DINAS'!$U:$U,'REKAP KENDARAAN DINAS'!$C$3,'KENDARAAN DINAS'!$T:$T,A41) -> 68091.683 | E41: =SUMIFS('KENDARAAN DINAS'!$O:$O,'KENDARAAN DINAS'!$U:$U,$E$3,'KENDARAAN DINAS'!$T:$T,A41) -> 1 | F41: =SUMIFS('KENDARAAN DINAS'!$P:$P,'KENDARAAN DINAS'!$U:$U,$E$3,'KENDARAAN DINAS'!$T:$T,A41) -> 477500 | G41: =SUMIFS('KENDARAAN DINAS'!$O:$O,'KENDARAAN DINAS'!$U:$U,$G$3,'KENDARAAN DINAS'!$T:$T,A41) -> 0 | H41: =SUMIFS('KENDARAAN DINAS'!$P:$P,'KENDARAAN DINAS'!$U:$U,$G$3,'KENDARAAN DINAS'!$T:$T,A41) -> 0 | I41: =SUMIFS('KENDARAAN DINAS'!$O:$O,'KENDARAAN DINAS'!$U:$U,$I$3,'KENDARAAN DINAS'!$T:$T,A41) -> 0 | J41: =SUMIFS('KENDARAAN DINAS'!$P:$P,'KENDARAAN DINAS'!$U:$U,$I$3,'KENDARAAN DINAS'!$T:$T,A41) -> 0 | K41: =SUMIFS('KENDARAAN DINAS'!$O:$O,'KENDARAAN DINAS'!$U:$U,$K$3,'KENDARAAN DINAS'!$T:$T,A41) -> 0 | L41: =SUMIFS('KENDARAAN DINAS'!$P:$P,'KENDARAAN DINAS'!$U:$U,$K$3,'KENDARAAN DINAS'!$T:$T,A42) -> 0 | M41: =SUMIFS('KENDARAAN DINAS'!$O:$O,'KENDARAAN DINAS'!$U:$U,$M$3,'KENDARAAN DINAS'!$T:$T,A41) -> 0 | N41: =SUMIFS('KENDARAAN DINAS'!$P:$P,'KENDARAAN DINAS'!$U:$U,$M$3,'KENDARAAN DINAS'!$T:$T,A41) -> 0 | O41: =C41+E41+G41+I41+K41+M41 -> 5 | P41: =D41+F41+H41+J41+L41+N41 -> 545591.68
A42: 39 | B42: KECAMATAN SERUYAN HILIR TIMUR | C42: =SUMIFS('KENDARAAN DINAS'!$O:$O,'KENDARAAN DINAS'!$U:$U,'REKAP KENDARAAN DINAS'!$C$3,'KENDARAAN DINAS'!$T:$T,'REKAP KENDARAAN DINAS'!A42) -> 3 | D42: =SUMIFS('KENDARAAN DINAS'!$P:$P,'KENDARAAN DINAS'!$U:$U,'REKAP KENDARAAN DINAS'!$C$3,'KENDARAAN DINAS'!$T:$T,A42) -> 45875.583 | E42: =SUMIFS('KENDARAAN DINAS'!$O:$O,'KENDARAAN DINAS'!$U:$U,$E$3,'KENDARAAN DINAS'!$T:$T,A42) -> 1 | F42: =SUMIFS('KENDARAAN DINAS'!$P:$P,'KENDARAAN DINAS'!$U:$U,$E$3,'KENDARAAN DINAS'!$T:$T,A42) -> 477500 | G42: =SUMIFS('KENDARAAN DINAS'!$O:$O,'KENDARAAN DINAS'!$U:$U,$G$3,'KENDARAAN DINAS'!$T:$T,A42) -> 0 | H42: =SUMIFS('KENDARAAN DINAS'!$P:$P,'KENDARAAN DINAS'!$U:$U,$G$3,'KENDARAAN DINAS'!$T:$T,A42) -> 0 | I42: =SUMIFS('KENDARAAN DINAS'!$O:$O,'KENDARAAN DINAS'!$U:$U,$I$3,'KENDARAAN DINAS'!$T:$T,A42) -> 0 | J42: =SUMIFS('KENDARAAN DINAS'!$P:$P,'KENDARAAN DINAS'!$U:$U,$I$3,'KENDARAAN DINAS'!$T:$T,A42) -> 0 | K42: =SUMIFS('KENDARAAN DINAS'!$O:$O,'KENDARAAN DINAS'!$U:$U,$K$3,'KENDARAAN DINAS'!$T:$T,A42) -> 0 | L42: =SUMIFS('KENDARAAN DINAS'!$P:$P,'KENDARAAN DINAS'!$U:$U,$K$3,'KENDARAAN DINAS'!$T:$T,A43) -> 0 | M42: =SUMIFS('KENDARAAN DINAS'!$O:$O,'KENDARAAN DINAS'!$U:$U,$M$3,'KENDARAAN DINAS'!$T:$T,A42) -> 0 | N42: =SUMIFS('KENDARAAN DINAS'!$P:$P,'KENDARAAN DINAS'!$U:$U,$M$3,'KENDARAAN DINAS'!$T:$T,A42) -> 0 | O42: =C42+E42+G42+I42+K42+M42 -> 4 | P42: =D42+F42+H42+J42+L42+N42 -> 523375.58
A43: 40 | B43: KECAMATAN SULING TAMBUN | C43: =SUMIFS('KENDARAAN DINAS'!$O:$O,'KENDARAAN DINAS'!$U:$U,'REKAP KENDARAAN DINAS'!$C$3,'KENDARAAN DINAS'!$T:$T,'REKAP KENDARAAN DINAS'!A43) -> 6 | D43: =SUMIFS('KENDARAAN DINAS'!$P:$P,'KENDARAAN DINAS'!$U:$U,'REKAP KENDARAAN DINAS'!$C$3,'KENDARAAN DINAS'!$T:$T,A43) -> 118176.53 | E43: =SUMIFS('KENDARAAN DINAS'!$O:$O,'KENDARAAN DINAS'!$U:$U,$E$3,'KENDARAAN DINAS'!$T:$T,A43) -> 2 | F43: =SUMIFS('KENDARAAN DINAS'!$P:$P,'KENDARAAN DINAS'!$U:$U,$E$3,'KENDARAAN DINAS'!$T:$T,A43) -> 625000 | G43: =SUMIFS('KENDARAAN DINAS'!$O:$O,'KENDARAAN DINAS'!$U:$U,$G$3,'KENDARAAN DINAS'!$T:$T,A43) -> 0 | H43: =SUMIFS('KENDARAAN DINAS'!$P:$P,'KENDARAAN DINAS'!$U:$U,$G$3,'KENDARAAN DINAS'!$T:$T,A43) -> 0 | I43: =SUMIFS('KENDARAAN DINAS'!$O:$O,'KENDARAAN DINAS'!$U:$U,$I$3,'KENDARAAN DINAS'!$T:$T,A43) -> 1 | J43: =SUMIFS('KENDARAAN DINAS'!$P:$P,'KENDARAAN DINAS'!$U:$U,$I$3,'KENDARAAN DINAS'!$T:$T,A43) -> 310000 | K43: =SUMIFS('KENDARAAN DINAS'!$O:$O,'KENDARAAN DINAS'!$U:$U,$K$3,'KENDARAAN DINAS'!$T:$T,A43) -> 0 | L43: =SUMIFS('KENDARAAN DINAS'!$P:$P,'KENDARAAN DINAS'!$U:$U,$K$3,'KENDARAAN DINAS'!$T:$T,A44) -> 0 | M43: =SUMIFS('KENDARAAN DINAS'!$O:$O,'KENDARAAN DINAS'!$U:$U,$M$3,'KENDARAAN DINAS'!$T:$T,A43) -> 0 | N43: =SUMIFS('KENDARAAN DINAS'!$P:$P,'KENDARAAN DINAS'!$U:$U,$M$3,'KENDARAAN DINAS'!$T:$T,A43) -> 0 | O43: =C43+E43+G43+I43+K43+M43 -> 9 | P43: =D43+F43+H43+J43+L43+N43 -> 1053176.5
A44: 41 | B44: BADAN PENANGGULANGAN BENCANA DAERAH | C44: =SUMIFS('KENDARAAN DINAS'!$O:$O,'KENDARAAN DINAS'!$U:$U,'REKAP KENDARAAN DINAS'!$C$3,'KENDARAAN DINAS'!$T:$T,'REKAP KENDARAAN DINAS'!A44) -> 186 | D44: =SUMIFS('KENDARAAN DINAS'!$P:$P,'KENDARAAN DINAS'!$U:$U,'REKAP KENDARAAN DINAS'!$C$3,'KENDARAAN DINAS'!$T:$T,A44) -> 6335314 | E44: =SUMIFS('KENDARAAN DINAS'!$O:$O,'KENDARAAN DINAS'!$U:$U,$E$3,'KENDARAAN DINAS'!$T:$T,A44) -> 20 | F44: =SUMIFS('KENDARAAN DINAS'!$P:$P,'KENDARAAN DINAS'!$U:$U,$E$3,'KENDARAAN DINAS'!$T:$T,A44) -> 14193619 | G44: =SUMIFS('KENDARAAN DINAS'!$O:$O,'KENDARAAN DINAS'!$U:$U,$G$3,'KENDARAAN DINAS'!$T:$T,A44) -> 0 | H44: =SUMIFS('KENDARAAN DINAS'!$P:$P,'KENDARAAN DINAS'!$U:$U,$G$3,'KENDARAAN DINAS'!$T:$T,A44) -> 0 | I44: =SUMIFS('KENDARAAN DINAS'!$O:$O,'KENDARAAN DINAS'!$U:$U,$I$3,'KENDARAAN DINAS'!$T:$T,A44) -> 28 | J44: =SUMIFS('KENDARAAN DINAS'!$P:$P,'KENDARAAN DINAS'!$U:$U,$I$3,'KENDARAAN DINAS'!$T:$T,A44) -> 31804526 | K44: =SUMIFS('KENDARAAN DINAS'!$O:$O,'KENDARAAN DINAS'!$U:$U,$K$3,'KENDARAAN DINAS'!$T:$T,A44) -> 0 | L44: =SUMIFS('KENDARAAN DINAS'!$P:$P,'KENDARAAN DINAS'!$U:$U,$K$3,'KENDARAAN DINAS'!$T:$T,A45) -> 0 | M44: =SUMIFS('KENDARAAN DINAS'!$O:$O,'KENDARAAN DINAS'!$U:$U,$M$3,'KENDARAAN DINAS'!$T:$T,A44) -> 0 | N44: =SUMIFS('KENDARAAN DINAS'!$P:$P,'KENDARAAN DINAS'!$U:$U,$M$3,'KENDARAAN DINAS'!$T:$T,A44) -> 0 | O44: =C44+E44+G44+I44+K44+M44 -> 234 | P44: =D44+F44+H44+J44+L44+N44 -> 52333459
A45: 42 | B45: DAMKAR | C45: =SUMIFS('KENDARAAN DINAS'!$O:$O,'KENDARAAN DINAS'!$U:$U,'REKAP KENDARAAN DINAS'!$C$3,'KENDARAAN DINAS'!$T:$T,'REKAP KENDARAAN DINAS'!A45) -> 6 | D45: =SUMIFS('KENDARAAN DINAS'!$P:$P,'KENDARAAN DINAS'!$U:$U,'REKAP KENDARAAN DINAS'!$C$3,'KENDARAAN DINAS'!$T:$T,A45) -> 110786 | E45: =SUMIFS('KENDARAAN DINAS'!$O:$O,'KENDARAAN DINAS'!$U:$U,$E$3,'KENDARAAN DINAS'!$T:$T,A45) -> 2 | F45: =SUMIFS('KENDARAAN DINAS'!$P:$P,'KENDARAAN DINAS'!$U:$U,$E$3,'KENDARAAN DINAS'!$T:$T,A45) -> 634150 | G45: =SUMIFS('KENDARAAN DINAS'!$O:$O,'KENDARAAN DINAS'!$U:$U,$G$3,'KENDARAAN DINAS'!$T:$T,A45) -> 0 | H45: =SUMIFS('KENDARAAN DINAS'!$P:$P,'KENDARAAN DINAS'!$U:$U,$G$3,'KENDARAAN DINAS'!$T:$T,A45) -> 0 | I45: =SUMIFS('KENDARAAN DINAS'!$O:$O,'KENDARAAN DINAS'!$U:$U,$I$3,'KENDARAAN DINAS'!$T:$T,A45) -> 6 | J45: =SUMIFS('KENDARAAN DINAS'!$P:$P,'KENDARAAN DINAS'!$U:$U,$I$3,'KENDARAAN DINAS'!$T:$T,A45) -> 3.7757764e+09 | K45: =SUMIFS('KENDARAAN DINAS'!$O:$O,'KENDARAAN DINAS'!$U:$U,$K$3,'KENDARAAN DINAS'!$T:$T,A45) -> 0 | L45: =SUMIFS('KENDARAAN DINAS'!$P:$P,'KENDARAAN DINAS'!$U:$U,$K$3,'KENDARAAN DINAS'!$T:$T,A46) -> 0 | M45: =SUMIFS('KENDARAAN DINAS'!$O:$O,'KENDARAAN DINAS'!$U:$U,$M$3,'KENDARAAN DINAS'!$T:$T,A45) -> 0 | N45: =SUMIFS('KENDARAAN DINAS'!$P:$P,'KENDARAAN DINAS'!$U:$U,$M$3,'KENDARAAN DINAS'!$T:$T,A45) -> 0 | O45: =C45+E45+G45+I45+K45+M45 -> 14 | P45: =D45+F45+H45+J45+L45+N45 -> 3.7765214e+09
A46: 42 | B46: PEMKAB SERUYAN | C46: =SUBTOTAL(9,C4:C45) -> 1252 | D46: =SUBTOTAL(9,D4:D45) -> 27998854 | E46: =SUBTOTAL(9,E4:E45) -> 260 | F46: =SUBTOTAL(9,F4:F44) -> 1.0354481e+08 | G46: =SUBTOTAL(9,G4:G45) -> 1 | H46: =SUBTOTAL(9,H4:H45) -> 1289375 | I46: =SUBTOTAL(9,I4:I45) -> 61 | J46: =SUBTOTAL(9,J4:J45) -> 3.8242519e+09 | K46: =SUBTOTAL(9,K4:K45) -> 0 | L46: =SUBTOTAL(9,L4:L45) -> 0 | M46: =SUBTOTAL(9,M4:M45) -> 0 | N46: =SUBTOTAL(9,N4:N45) -> 0 | ... P46: =SUBTOTAL(9,P4:P45) -> #VALUE!

Sheet KIB A - Tanah
H2: KARTU INVENTARIS BARANG (KIB)
I3: A. TANAH
A5: No. | B5: Jenis barang/ | E5: Luas | F5: Tahun | G5: Letak/
B6: Nama barang | C6: Kode | D6: Register | E6: (M2) | F6: penga- | G6: alamat | H6: Hak | I6: Sertifikat | K6: penggunaan | L6: Asal usul | M6: Harga | N6: Keterangan | O6: SKPD
C7: Barang | F7: daan | I7: Tanggal | J7: Nomor
A9: 1 | B9: Tanah Bangunan Pendidikan Dan Latihan | C9: 01.01.01.04.002 | D9: 000001 | E9: 2000 | F9: 2003 | G9: Desa Ayawan Kecamatan Seruyan Tengah | H9: Hak Pakai | K9: Gedung Sekolah | L9: pembelian | M9: 7150 | N9: Nilai Pasar | O9: sdn 1 ayawan | P9: 1
A10: 2 | B10: Tanah Bangunan Pendidikan Dan Latihan | C10: 01.01.01.04.002 | D10: 000002 | E10: 1386 | F10: 2014 | G10: Desa Ayawan Kecamatan Seruyan Tengah | H10: Hak Pakai | K10: Gedung Sekolah | L10: Hibah | M10: 10000 | N10: Hibah Kotim | O10: sdn 1 ayawan | P10: 1
A11: 3 | B11: Tanah Bangunan Pendidikan Dan Latihan | C11: 01.01.01.04.002 | D11: 000001 | E11: 10554 | F11: 2003 | G11: Desa BIII Sukamandang Kecamatan Seruyan Tengah | H11: Hak Pakai | I11: 44481 | J11: 15.11.02.26.4.00014 | K11: Gedung Sekolah | L11: pembelian | M11: 80850 | N11: Nilai Pasar | O11: sdn 1 batu agung | P11: 1
A12: 4 | B12: Tanah Bangunan Pendidikan Dan Latihan | C12: 01.01.01.04.002 | D12: 000002 | E12: 2500 | F12: 2014 | G12: Desa BIII Sukamandang Kecamatan Seruyan Tengah | H12: Hak Pakai | K12: Gedung Sekolah | L12: Hibah | M12: 36000 | N12: Hibah Kotim | O12: sdn 1 batu agung | P12: 1
A13: 5 | B13: Tanah Bangunan Pendidikan Dan Latihan | C13: 01.01.01.04.002 | D13: 000001 | E13: 2000 | F13: 2003 | G13: Desa Bukit Buluh Kecamatan Seruyan Tengah | H13: Hak Pakai | K13: Gedung Sekolah | L13: pembelian | M13: 7450 | N13: Nilai Pasar | O13: sdn 1 bukit buluh | P13: 1
A14: 6 | B14: Tanah Bangunan Pendidikan Dan Latihan | C14: 01.01.01.04.002 | D14: 000002 | E14: 2000 | F14: 2014 | G14: Desa Bukit Buluh Kecamatan Seruyan Tengah | H14: Hak Pakai | K14: Gedung Sekolah | L14: Hibah | M14: 10000 | N14: Hibah Kotim | O14: sdn 1 bukit buluh | P14: 1
A15: 7 | B15: Tanah Bangunan Pendidikan Dan Latihan | C15: 01.01.01.04.002 | D15: 000001 | E15: 20000 | F15: 2003 | G15: Desa GII Sukamandang Kecamatan Seruyan Tengah | H15: Hak Pakai | K15: Gedung Sekolah | L15: pembelian | M15: 72000 | N15: Nilai Pasar | O15: sdn 1 bumi jaya | P15: 1
A16: 8 | B16: Tanah Bangunan Pendidikan Dan Latihan | C16: 01.01.01.04.002 | D16: 000002 | E16: 2000 | F16: 2014 | G16: Desa GII Sukamandang Kecamatan Seruyan Tengah | H16: Hak Pakai | K16: Gedung Sekolah | L16: Hibah | M16: 10000 | N16: Hibah Kotim | O16: sdn 1 bumi jaya | P16: 1
A17: 9 | B17: Tanah Bangunan Pendidikan Dan Latihan | C17: 01.01.01.04.002 | D17: 000001 | E17: 2700 | F17: 2003 | G17: Desa Durian Tunggal Kecamatan Seruyan Tengah | H17: Hak Pakai | K17: Gedung Sekolah | L17: pembelian | M17: 9923 | N17: Nilai Pasar | O17: sdn 1 durian tunggal | P17: 1
A18: 10 | B18: Tanah Bangunan Pendidikan Dan Latihan | C18: 01.01.01.04.002 | D18: 000002 | E18: 17586 | F18: 2014 | G18: Desa Durian Tunggal Kecamatan Seruyan Tengah | H18: Hak Pakai | K18: Gedung Sekolah | L18: Hibah | M18: 9000 | N18: Hibah Kotim | O18: sdn 1 durian tunggal | P18: 1
A19: 11 | B19: Tanah Bangunan Pendidikan Dan Latihan | C19: 01.01.01.04.002 | D19: 000001 | E19: 10731 | F19: 2003 | G19: Desa Gantung Pengayuh Kecamatan Seruyan Tengah | H19: Hak Pakai | K19: Gedung Sekolah | L19: pembelian | M19: 39168 | N19: Nilai Pasar | O19: sdn 1 gantung pengayuh | P19: 1
A20: 12 | B20: Tanah Bangunan Pendidikan Dan Latihan | C20: 01.01.01.04.002 | D20: 000002 | E20: 2000 | F20: 2014 | G20: Desa Gantung Pengayuh Kecamatan Seruyan Tengah | H20: Hak Pakai | K20: Gedung Sekolah | L20: Hibah | M20: 10000 | N20: Hibah Kotim | O20: sdn 1 gantung pengayuh | P20: 1
A21: 13 | B21: Tanah Bangunan Pendidikan Dan Latihan | C21: 01.01.01.04.002 | D21: 000001 | E21: 1386 | F21: 2014 | G21: Desa Mugi Penyuhu Kecamatan Seruyan Tengah | H21: Hak Pakai | K21: Gedung Sekolah | L21: Hibah | M21: 10000 | N21: Hibah Kotim | O21: sdn 1 mugi penyuhu | P21: 1
A22: 14 | B22: Tanah Bangunan Pendidikan Dan Latihan | C22: 01.01.01.04.002 | D22: 000001 | E22: 2500 | F22: 2014 | G22: Desa DT I Sukamandang Kecamatan Seruyan Tengah | H22: Hak Pakai | K22: Gedung Sekolah | L22: Hibah | M22: 37500 | N22: Hibah Kotim | O22: sdn 1 panca jaya | P22: 1
A23: 15 | B23: Tanah Bangunan Pendidikan Dan Latihan | C23: 01.01.01.04.002 | D23: 000001 | E23: 1400 | F23: 2003 | G23: Desa Pangke Kecamatan Seruyan Tengah | H23: Hak Pakai | K23: Gedung Sekolah | L23: pembelian | M23: 5215 | N23: Nilai Pasar | O23: sdn 1 pangke | P23: 1
A24: 16 | B24: Tanah Bangunan Pendidikan Dan Latihan | C24: 01.01.01.04.002 | D24: 000002 | E24: 600 | F24: 2014 | G24: Desa Pangke Kecamatan Seruyan Tengah | H24: Hak Pakai | K24: Gedung Sekolah | L24: Hibah | M24: 25000 | N24: Hibah Kotim | O24: sdn 1 pangke | P24: 1
A25: 17 | B25: Tanah Bangunan Pendidikan Dan Latihan | C25: 01.01.01.04.002 | D25: 000001 | E25: 613 | F25: 2014 | G25: Desa Panyumpa Kecamatan Seruyan Tengah | H25: Hak Pakai | I25: 44523 | J25: 15.11.02.10.4.00013 | K25: Gedung Sekolah | L25: Hibah | M25: 14000 | N25: Hibah Kotim | O25: sdn 1 panyumpa | P25: 1
A26: 18 | B26: Tanah Bangunan Pendidikan Dan Latihan | C26: 01.01.01.04.002 | D26: 000002 | E26: 5746 | F26: 2003 | G26: Desa Panyumpa Kecamatan Seruyan Tengah | H26: Hak Pakai | I26: 44523 | J26: 15.11.02.10.4.00017 | K26: Gedung Sekolah | L26: pembelian | M26: 9250 | N26: Nilai Pasar | O26: sdn 1 panyumpa | P26: 1
A27: 19 | B27: Tanah Bangunan Rumah Negara Tanpa Golongan | C27: 01.01.01.01.004 | D27: 000001 | E27: 358 | F27: 2024 | G27: Jl. Tajudin Kusuma Rantau Pulut Seruyan Tengah | H27: Hak Pakai | I27: 39237 | J27: 15.11.02.16.2.00001 | K27: Perumahan Guru SDN I Rantau Pulut | L27: Hibah | M27: 17184 | N27: Berdasarkan Keputusan Bupati Seruyan No.100.3.3.2/720/2024 | O27: sdn 1 rantau pulut | P27: 1
A28: 20 | B28: Tanah Bangunan Pendidikan Dan Latihan | C28: 01.01.01.04.002 | D28: 000001 | E28: 107 | F28: 2014 | G28: Jalan Sajudin Kusuma | H28: Hak Pakai | I28: 39237 | J28: 15.11.02.16.2.00003 | K28: Gedung Sekolah | L28: Hibah | M28: 37800 | N28: Hibah Kotim | O28: sdn 1 rantau pulut | P28: 1
A29: 21 | B29: Tanah Bangunan Pendidikan Dan Latihan | C29: 01.01.01.04.002 | D29: 000002 | E29: 3748 | F29: 2008 | G29: Jalan Sajudin Kusuma | H29: Hak Pakai | I29: 39567 | J29: 15.11.02.16.2.00010 | K29: Gedung Sekolah | L29: pembelian | M29: 17053 | N29: Nilai Pasar | O29: sdn 1 rantau pulut | P29: 1
A30: 22 | B30: Tanah Bangunan Pendidikan Dan Latihan | C30: 01.01.01.04.002 | D30: 000001 | E30: 12830 | F30: 2014 | G30: Desa DT II Sukamandang Kecamatan Seruyan Tengah | H30: Hak Pakai | I30: 44434 | J30: 15.11.02.22.4.00034 | K30: Gedung Sekolah | L30: Hibah | M30: 11250 | N30: Hibah Kotim | O30: sdn 1 ringin agung | P30: 1
A31: 23 | B31: Tanah Bangunan Pendidikan Dan Latihan | C31: 01.01.01.04.002 | D31: 000001 | E31: 500000 | F31: 2003 | G31: Desa BI Sukamandang Kecamatan Seruyan Tengah | H31: Hak Pakai | K31: Gedung Sekolah | L31: pembelian | M31: 1837500 | N31: Nilai Pasar | O31: sdn 1 suka maju | P31: 1
A32: 24 | B32: Tanah Bangunan Pendidikan Dan Latihan | C32: 01.01.01.04.002 | D32: 000002 | E32: 40000 | F32: 2014 | G32: Desa BI Sukamandang Kecamatan Seruyan Tengah | H32: Hak Pakai | K32: Gedung Sekolah | L32: Hibah | M32: 45000 | N32: Hibah Kotim | O32: sdn 1 suka maju | P32: 1
A33: 25 | B33: Tanah Bangunan Pendidikan Dan Latihan | C33: 01.01.01.04.002 | D33: 000001 | E33: 12864 | F33: 2014 | G33: Desa B II Sukamandang Kecamatan Seruyan Tengah | H33: Hak Pakai | K33: Gedung Sekolah | L33: Hibah | M33: 25430 | N33: Hibah Kotim | O33: sdn 1 suka makmur | P33: 1
A34: 26 | B34: Tanah Bangunan Pendidikan Dan Latihan | C34: 01.01.01.04.002 | D34: 000002 | E34: 22000 | F34: 2003 | G34: Desa B II Sukamandang Kecamatan Seruyan Tengah | H34: Hak Pakai | K34: Gedung Sekolah | L34: pembelian | M34: 80850 | N34: Nilai Pasar | O34: sdn 1 suka makmur | P34: 1
A35: 27 | B35: Tanah Bangunan Pendidikan Dan Latihan | C35: 01.01.01.04.002 | D35: 000001 | E35: 9912 | F35: 2014 | G35: Desa BIV Sukamandang Kecamatan Seruyan Tengah | H35: Hak Pakai | K35: Gedung Sekolah | L35: Hibah | M35: 25410 | N35: Hibah Kotim | O35: sdn 1 sukajaya | P35: 1
A36: 28 | B36: Tanah Bangunan Pendidikan Dan Latihan | C36: 01.01.01.04.002 | D36: 000001 | E36: 10000 | F36: 2014 | G36: Desa Sukamandang Kecamatan Seruyan Tengah | H36: Hak Pakai | K36: Gedung Sekolah | L36: Hibah | M36: 2000 | N36: Hibah Kotim | O36: sdn 1 sukamandang | P36: 1
A37: 29 | B37: Tanah Bangunan Pendidikan Dan Latihan | C37: 01.01.01.04.002 | D37: 000002 | E37: 3000 | F37: 2003 | G37: Desa Sukamandang Kecamatan Seruyan Tengah | H37: Hak Pakai | K37: Gedung Sekolah | L37: pembelian | M37: 11175 | N37: Nilai Pasar | O37: sdn 1 sukamandang | P37: 1
A38: 30 | B38: Tanah Bangunan Pendidikan Dan Latihan | C38: 01.01.01.04.002 | D38: 000001 | E38: 2000 | F38: 2014 | G38: Desa G1 Sukamandang Kecamatan Seruyan Tengah | H38: Hak Pakai | K38: Gedung Sekolah | L38: Hibah | M38: 10000 | N38: Hibah Kotim | O38: sdn 1 sukorejo | P38: 1
A39: 31 | B39: Tanah Bangunan Pendidikan Dan Latihan | C39: 01.01.01.04.002 | D39: 000002 | E39: 3000 | F39: 2003 | G39: Desa G1 Sukamandang Kecamatan Seruyan Tengah | H39: Hak Pakai | K39: Gedung Sekolah | L39: pembelian | M39: 10800 | N39: Nilai Pasar | O39: sdn 1 sukorejo | P39: 1
A40: 32 | B40: Tanah Bangunan Pendidikan Dan Latihan | C40: 01.01.01.04.002 | D40: 000001 | E40: 8585 | F40: 2014 | G40: Desa Tangga Batu Kecamatan Seruyan Tengah | H40: Hak Pakai | I40: 44483 | J40: 15.11.02.12.4.00009 | K40: Gedung Sekolah | L40: Hibah | M40: 10000 | N40: Hibah Kotim | O40: sdn 1 tangga batu | P40: 1
A41: 33 | B41: Tanah Bangunan Pendidikan Dan Latihan | C41: 01.01.01.04.002 | D41: 000001 | E41: 2000 | F41: 2014 | G41: Desa Teluk Bayur Kecamatan Seruyan Tengah | H41: Hak Pakai | K41: Gedung Sekolah | L41: Hibah | M41: 10000 | N41: Hibah Kotim | O41: sdn 1 teluk bayur | P41: 1
A42: 34 | B42: Tanah Bangunan Pendidikan Dan Latihan | C42: 01.01.01.04.002 | D42: 000002 | E42: 1320 | F42: 2003 | G42: Desa Teluk Bayur Kecamatan Seruyan Tengah | H42: Hak Pakai | K42: Gedung Sekolah | L42: pembelian | M42: 4884 | N42: Nilai Pasar | O42: sdn 1 teluk bayur | P42: 1
A43: 35 | B43: Tanah Bangunan Pendidikan Dan Latihan | C43: 01.01.01.04.002 | D43: 000001 | E43: 17586 | F43: 2014 | G43: Desa Tumbang Bai Kecamatan Seruyan Tengah | H43: Hak Pakai | K43: Gedung Sekolah | L43: Hibah | M43: 15000 | N43: Hibah Kotim | O43: sdn 1 tumbang bai | P43: 1
A44: 36 | B44: Tanah Bangunan Pendidikan Dan Latihan | C44: 01.01.01.04.002 | D44: 000002 | E44: 15189 | F44: 2003 | G44: Desa Tumbang Bai Kecamatan Seruyan Tengah | H44: Hak Pakai | K44: Gedung Sekolah | L44: pembelian | M44: 55060 | N44: Nilai Pasar | O44: sdn 1 tumbang bai | P44: 1
A45: 37 | B45: Tanah Bangunan Pendidikan Dan Latihan | C45: 01.01.01.04.002 | D45: 000001 | E45: 10000 | F45: 2014 | G45: Desa Ayawan Kecamatan Seruyan Tengah | H45: Hak Pakai | K45: Gedung Sekolah | L45: Hibah | M45: 2000 | N45: Hibah Kotim | O45: sdn 2 ayawan | P45: 1
A46: 38 | B46: Tanah Bangunan Pendidikan Dan Latihan | C46: 01.01.01.04.002 | D46: 000001 | E46: 378 | F46: 2014 | G46: Desa Rantau Pulut | H46: Hak Pakai | I46: 39179 | J46: 15.11.02.16.2.00005 | K46: Gedung Sekolah | L46: Hibah | M46: 10000 | N46: Hibah Kotim | O46: sdn 2 rantau pulut | P46: 1
A47: 39 | B47: Tanah Bangunan Pendidikan Dan Latihan | C47: 01.01.01.04.002 | D47: 000002 | E47: 985 | F47: 2003 | G47: Desa Rantau Pulut | H47: Hak Pakai | I47: 39179 | J47: 15.11.02.16.2.00007 | K47: Gedung Sekolah | L47: pembelian | M47: 53885 | N47: Nilai Pasar | O47: sdn 2 rantau pulut | P47: 1
A48: 40 | B48: Tanah Bangunan Pendidikan Dan Latihan | C48: 01.01.01.04.002 | D48: 000003 | E48: 2415 | F48: 2008 | G48: Jalan Serai Wangi Kec. Seruyan Tengah | H48: Hak Pakai | I48: 39476 | J48: 15.11.02.16.2.00013 | K48: Gedung Sekolah | L48: pembelian | M48: 10022 | N48: Nilai Pasar | O48: sdn 2 rantau pulut | P48: 1
A49: 41 | B49: Tanah Bangunan Pendidikan Dan Latihan | C49: 01.01.01.04.002 | D49: 000001 | E49: 3750 | F49: 2003 | G49: Desa Sukamandang Kecamatan Seruyan Tengah | H49: Hak Pakai | K49: Gedung Sekolah | L49: pembelian | M49: 14250 | N49: Nilai Pasar | O49: sdn 2 sukamandang | P49: 1
A50: 42 | B50: Tanah Bangunan Pendidikan Dan Latihan | C50: 01.01.01.04.002 | D50: 000002 | E50: 10000 | F50: 2014 | G50: Desa Sukamandang Kecamatan Seruyan Tengah | H50: Hak Pakai | K50: Gedung Sekolah | L50: Hibah | M50: 10000 | N50: Hibah Kotim | O50: sdn 2 sukamandang | P50: 1
A51: 43 | B51: Tanah Bangunan Kantor Pemerintah | C51: 01.01.01.04.001 | D51: 000001 | E51: 1825 | F51: 2014 | G51: Rantau Pulut | H51: Hak Pakai | K51: UPTD | L51: Hibah | M51: 9000 | N51: Hibah Kotim | O51: uptd disdik kecamatan seruyan tengah | P51: 1
A52: 44 | B52: Tanah Bangunan Pendidikan Dan Latihan | C52: 01.01.01.04.002 | D52: 000001 | E52: 1250 | F52: 2003 | G52: Kec. Seruyan Tengah | H52: Hak Pakai | K52: Gedung UPTD | L52: pembelian | M52: 25000 | N52: Nilai Pasar | O52: uptd disdik kecamatan seruyan tengah | P52: 1
A53: 45 | B53: Tanah Bangunan Rumah Negara Tanpa Golongan | C53: 01.01.01.01.004 | D53: 000001 | E53: 106 | F53: 2025 | G53: JL. AREN, DESA BAHAUR | H53: Hak Pakai | I53: 45827 | J53: 100.3.3.2 / 245 /2025 | K53: PERUMDIS SDN 1 BAHAUR | L53: Hibah | M53: 127.2 | N53: PERUMDIS SDN 1 BAHAUR | O53: sdn 1 bahaur | P53: 1
A54: 46 | B54: Tanah Bangunan Pendidikan Dan Latihan | C54: 01.01.01.04.002 | D54: 000001 | E54: 2307 | F54: 2014 | G54: Desa Bahaur Kecamatan Hanau | H54: Hak Pakai | I54: 45608 | J54: 1511.000001374.0 | K54: Gedung Sekolah | L54: Hibah | M54: 15000 | N54: Hibah Kotim | O54: sdn 1 bahaur | P54: 1
A55: 47 | B55: Tanah Bangunan Pendidikan Dan Latihan | C55: 01.01.01.04.002 | D55: 000002 | E55: 2307 | F55: 2024 | G55: Jl. Aren Bahaur Hanau | H55: Hak Pakai | I55: 45608 | J55: 1511.000001374.0 | K55: Gedung Sekolah (SDN 1 BAHAUR) | L55: Hibah | M55: 2768.4 | N55: Berdasarkan Keputusan Bupati Seruyan No.100.3.3.2/720/2024 | O55: sdn 1 bahaur | P55: 1
A56: 48 | B56: Tanah Bangunan Pendidikan Dan Latihan | C56: 01.01.01.04.002 | D56: 000001 | E56: 2000 | F56: 2014 | G56: Desa Derangga Kecamatan Hanau | H56: Hak Pakai | K56: Gedung Sekolah | L56: Hibah | M56: 5500 | N56: Hibah Kotim | O56: sdn 1 derangga | P56: 1
A57: 49 | B57: Tanah Bangunan Pendidikan Dan Latihan | C57: 01.01.01.04.002 | D57: 000001 | E57: 26325 | F57: 2014 | G57: Desa Parang Batang Kecamatan Hanau | H57: Hak Pakai | K57: Gedung Sekolah | L57: Hibah | M57: 23000 | N57: Hibah Kotim | O57: sdn 1 parang batang | P57: 1
A58: 50 | B58: Tanah Bangunan Rumah Negara Tanpa Golongan | C58: 01.01.01.01.004 | D58: 000001 | E58: 248 | F58: 2025 | G58: - | L58: Pembelian | M58: 3472 | N58: JL. DESA PARING RAYA PERUMDIS SDN 1 PARING RAYA | O58: sdn 1 paring raya | P58: 1
A59: 51 | B59: Tanah Bangunan Pendidikan Dan Latihan | C59: 01.01.01.04.002 | D59: 000001 | E59: 2493 | F59: 2014 | G59: Desa Bahaur Kecamatan Hanau | H59: Hak Pakai | K59: Gedung Sekolah | L59: Hibah | M59: 15000 | N59: Hibah Kotim | O59: sdn 1 paring raya | P59: 1
A60: 52 | B60: Tanah Bangunan Pendidikan Dan Latihan | C60: 01.01.01.04.002 | D60: 000001 | E60: 1825 | F60: 2014 | G60: Desa Pembuang Hulu I Kecamatan Hanau | H60: Hak Pakai | K60: Gedung Sekolah | L60: Hibah | M60: 9000 | N60: Hibah Kotim | O60: sdn 1 pembuang hulu i | P60: 1
A61: 53 | B61: Tanah Bangunan Pendidikan Dan Latihan | C61: 01.01.01.04.002 | D61: 000002 | E61: 2616 | F61: 2003 | G61: Desa Pembuang Hulu I Kecamatan Hanau | H61: Hak Pakai | I61: 45603 | J61: 1511.000001140.0 | K61: Gedung Sekolah | L61: pembelian | M61: 9000 | N61: Nilai Pasar | O61: sdn 1 pembuang hulu i | P61: 1
A62: 54 | B62: Tanah Bangunan Pendidikan Dan Latihan | C62: 01.01.01.04.002 | D62: 000003 | E62: 1825 | F62: 2014 | G62: Pembuang Hulu Kec. Hanau | H62: Hak Pakai | K62: Gedung Sekolah | L62: Hibah | M62: 9000 | N62: Hibah Kotim | O62: sdn 1 pembuang hulu i | P62: 1
A63: 55 | B63: Tanah Bangunan Pendidikan Dan Latihan | C63: 01.01.01.04.002 | D63: 000004 | E63: 600 | F63: 2014 | G63: Desa Pembuang Hulu I Kecamatan Hanau | H63: Hak Pakai | K63: Gedung Sekolah | L63: Hibah | M63: 15000 | N63: Hibah Kotim | O63: sdn 1 pembuang hulu i | P63: 1
A64: 56 | B64: Tanah Bangunan Pendidikan Dan Latihan | C64: 01.01.01.04.002 | D64: 000001 | E64: 2414 | F64: 2014 | G64: Desa Pembuang Hulu II Kecamatan Hanau | H64: Hak Pakai | K64: Gedung Sekolah | L64: Hibah | M64: 25210 | N64: Hibah Kotim | O64: sdn 1 pembuang hulu ii | P64: 1
A65: 57 | B65: Tanah Bangunan Pendidikan Dan Latihan | C65: 01.01.01.04.002 | D65: 000001 | E65: 27540 | F65: 2014 | G65: Desa Tanjung Hanau Kecamatan Hanau | H65: Hak Pakai | K65: Gedung Sekolah | L65: Hibah | M65: 15000 | N65: Hibah Kotim | O65: sdn 1 tanjung hanau | P65: 1
A66: 58 | B66: Tanah Bangunan Pendidikan Dan Latihan | C66: 01.01.01.04.002 | D66: 000002 | E66: 2400 | F66: 2003 | G66: Desa Tanjung Hanau Kecamatan Hanau | H66: Hak Pakai | K66: Gedung Sekolah | L66: pembelian | M66: 9000 | N66: Nilai Pasar | O66: sdn 1 tanjung hanau | P66: 1
A67: 59 | B67: Tanah Bangunan Pendidikan Dan Latihan | C67: 01.01.01.04.002 | D67: 000001 | E67: 1736 | F67: 2014 | G67: Desa Bahaur Kecamatan Hanau | H67: Hak Pakai | I67: 45608 | J67: 1511.000001375.0 | K67: Gedung Sekolah | L67: Hibah | M67: 23000 | N67: Hibah Kotim | O67: sdn 2 bahaur | P67: 1
A68: 60 | B68: Tanah Bangunan Pendidikan Dan Latihan | C68: 01.01.01.04.002 | D68: 000002 | E68: 1736 | F68: 2024 | G68: Jl. Aren Bahaur Hanau | H68: Hak Pakai | I68: 45608 | J68: 1511.000001375.0 | K68: Gedung Sekolah (SDN 2 BAHAUR) | L68: Hibah | M68: 2083.2 | N68: Berdasarkan Keputusan Bupati Seruyan No.100.3.3.2/720/2024 | O68: sdn 2 bahaur | P68: 1
A69: 61 | B69: Tanah Bangunan Pendidikan Dan Latihan | C69: 01.01.01.04.002 | D69: 000001 | E69: 1825 | F69: 2014 | G69: Desa Derangga Kecamatan Hanau | H69: Hak Pakai | K69: Gedung Sekolah | L69: Hibah | M69: 6000 | N69: Hibah Kotim | O69: sdn 2 derangga | P69: 1
A70: 62 | B70: Tanah Bangunan Pendidikan Dan Latihan | C70: 01.01.01.04.002 | D70: 000002 | E70: 6600 | F70: 2003 | G70: Desa Derangga Kecamatan Hanau | H70: Hak Pakai | K70: Gedung Sekolah | L70: pembelian | M70: 23925 | N70: Nilai Pasar | O70: sdn 2 derangga | P70: 1
A71: 63 | B71: Tanah Bangunan Pendidikan Dan Latihan | C71: 01.01.01.04.002 | D71: 000001 | E71: 26325 | F71: 2014 | G71: Desa Parang Batang Kecamatan Hanau | H71: Hak Pakai | K71: Gedung Sekolah | L71: Hibah | M71: 23000 | N71: Hibah Kotim | O71: sdn 2 parang batang | P71: 1
A72: 64 | B72: Tanah Bangunan Pendidikan Dan Latihan | C72: 01.01.01.04.002 | D72: 000001 | E72: 3713 | F72: 2003 | G72: Desa Pembuang Hulu I Kecamatan Hanau | H72: Hak Pakai | I72: 45603 | J72: 1511.000001152.0 | K72: Gedung Sekolah | L72: pembelian | M72: 13300 | N72: Nilai Pasar | O72: sdn 2 pembuang hulu i | P72: 1
A73: 65 | B73: Tanah Bangunan Pendidikan Dan Latihan | C73: 01.01.01.04.002 | D73: 000002 | E73: 500 | F73: 2014 | G73: Desa Pembuang Hulu I Kecamatan Hanau | H73: Hak Pakai | K73: Gedung Sekolah | L73: Hibah | M73: 10000 | N73: Hibah Kotim | O73: sdn 2 pembuang hulu i | P73: 1
A74: 66 | B74: Tanah Bangunan Pendidikan Dan Latihan | C74: 01.01.01.04.002 | D74: 000001 | E74: 1510 | F74: 2014 | G74: Desa Pembuang Hulu II Kecamatan Hanau | H74: Hak Pakai | I74: 45603 | J74: 1511.000001193.0 | K74: Gedung Sekolah | L74: Hibah | M74: 8000 | N74: Hibah Kotim | O74: sdn 2 pembuang hulu ii | P74: 1
A75: 67 | B75: Tanah Bangunan Pendidikan Dan Latihan | C75: 01.01.01.04.002 | D75: 000002 | E75: 2317 | F75: 2002 | G75: Desa Pembuang Hulu II Kecamatan Hanau | H75: Hak Pakai | I75: 45603 | J75: 1511.000001192.0 | K75: Gedung Sekolah | L75: pembelian | M75: 8783 | N75: Nilai Pasar | O75: sdn 2 pembuang hulu ii | P75: 1
A76: 68 | B76: Tanah Bangunan Rumah Negara Tanpa Golongan | C76: 01.01.01.01.004 | D76: 000001 | E76: 249 | F76: 2025 | G76: JL. DESA BAHAUR | H76: Hak Pakai | I76: 45827 | J76: 100.3.3.2 / 245 /2025 | K76: PERUMDIS SDN 3 BAHAUR | L76: Hibah | M76: 298.8 | N76: PERUMDIS SDN 3 BAHAUR, JL. DESA BAHAUR | O76: sdn 3 bahaur | P76: 1
A77: 69 | B77: Tanah Bangunan Rumah Negara Tanpa Golongan | C77: 01.01.01.01.004 | D77: 000002 | E77: 98 | F77: 2025 | G77: JL. DESA BAHAUR | H77: Hak Pakai | I77: 45827 | J77: 100.3.3.2 / 245 /2025 | K77: PERUMDIS SDN 3 BAHAUR | L77: Hibah | M77: 117.6 | N77: PERUMDIS SDN 3 BAHAUR, JL. DESA BAHAUR | O77: sdn 3 bahaur | P77: 1
A78: 70 | B78: Tanah Bangunan Pendidikan Dan Latihan | C78: 01.01.01.04.002 | D78: 000001 | E78: 3450 | F78: 2014 | G78: Desa Manggana Kecamatan Hanau | H78: Hak Pakai | J78: Gedung Sekolah | L78: Hibah | M78: 75000 | N78: Hibah Kotim | O78: sdn 3 bahaur | P78: 1
A79: 71 | B79: Tanah Bangunan Pendidikan Dan Latihan | C79: 01.01.01.04.002 | D79: 000001 | E79: 2000 | F79: 2014 | G79: Desa Pembuang Hulu II Kecamatan Hanau | H79: Hak Pakai | K79: Gedung Sekolah | L79: Hibah | M79: 6500 | N79: Hibah Kotim | O79: sdn 3 pembuang hulu ii | P79: 1
A80: 72 | B80: Tanah Bangunan Pendidikan Dan Latihan | C80: 01.01.01.04.002 | D80: 000001 | E80: 4141 | F80: 2024 | G80: Jl.Bakrie Entong Pembuang Hulu I | H80: Hak Pakai | I80: 45603 | J80: 1511.000001141.0 | K80: Gedung Sekolah TK Negeri Pembina | L80: Hibah | M80: 426523 | N80: Keputusan Bupati Seruyan No.100.3.3.2/720/2024 | O80: tkn pembina hanau | P80: 1
A81: 73 | B81: Tanah Bangunan Kantor Pemerintah | C81: 01.01.01.04.001 | D81: 000001 | E81: 27393 | F81: 2014 | G81: Kec. Hanau Kabupaten Seruyan | H81: Hak Pakai | K81: Gedung Sekolah | L81: Hibah | M81: 23000 | N81: Hibah Kotim | O81: uptd disdik kecamatan hanau | P81: 1
A82: 74 | B82: Tanah Bangunan Pendidikan Dan Latihan | C82: 01.01.01.04.002 | D82: 000001 | E82: 9953 | F82: 2003 | G82: Kec. Hanau Kabupaten Seruyan | H82: Hak Pakai | I82: 39476 | J82: 15.11.03.04.2.00002 | K82: Gedung UPTD | L82: pembelian | M82: 350000 | N82: Nilai Pasar | O82: uptd disdik kecamatan hanau | P82: 1
A83: 75 | B83: Tanah Bangunan Kantor Pemerintah | C83: 01.01.01.04.001 | D83: 000001 | E83: 1936 | F83: 2014 | G83: Desa Kartika Bhakti Jl. Kuala Pembuang-Telaga Pulang | H83: Hak Pakai | I83: 44046 | J83: 15.11.06.03.4.00027 | K83: Gedung UPTD Kec. Seruyan Hilir Timur | L83: Hibah | M83: 223495 | N83: Harga Sementara | O83: UPTD DISDIK KECAMATAN SERUYAN HILIR TIMUR | P83: 1
A84: 76 | B84: Tanah Bangunan Pendidikan Dan Latihan | C84: 01.01.01.04.002 | D84: 000001 | E84: 1280 | F84: 2014 | G84: Desa Kartika Bakti Kecamatan Seruyan Hilir | H84: Hak Pakai | K84: Gedung Sekolah | L84: Hibah | M84: 15000 | N84: Hibah Kotim | O84: SDN 1 KARTIKA BHAKTI | P84: 1
A85: 77 | B85: Tanah Bangunan Pendidikan Dan Latihan | C85: 01.01.01.04.002 | D85: 000002 | E85: 16800 | F85: 2003 | G85: Desa Kartika Bakti Kecamatan Seruyan Hilir | H85: Hak Pakai | I85: 44046 | J85: 15.11.06.03.4.00011 | K85: Gedung Sekolah | L85: pembelian | M85: 148045 | N85: Nilai Pasar | O85: SDN 1 KARTIKA BHAKTI | P85: 1
A86: 78 | B86: Tanah Bangunan Pendidikan Dan Latihan | C86: 01.01.01.04.002 | D86: 000001 | E86: 14270 | F86: 2003 | G86: Desa Kartika Bakti Kecamatan Seruyan Hilir | H86: Hak Pakai | I86: 44046 | J86: 15.11.06.03.4.00012 | K86: Gedung Sekolah | L86: pembelian | M86: 261107 | N86: Nilai Pasar | O86: SDN 2 KARTIKA BHAKTI | P86: 1
A87: 79 | B87: Tanah Bangunan Pendidikan Dan Latihan | C87: 01.01.01.04.002 | D87: 000002 | E87: 1280 | F87: 2014 | G87: Desa Kartika Bakti Kecamatan Seruyan Hilir | H87: Hak Pakai | K87: Gedung Sekolah | L87: Hibah | M87: 23000 | N87: Hibah Kotim | O87: SDN 2 KARTIKA BHAKTI | P87: 1
A88: 80 | B88: Tanah Bangunan Pendidikan Dan Latihan | C88: 01.01.01.04.002 | D88: 000001 | E88: 8078 | F88: 2014 | G88: Desa Bangun Harja Kecamatan Seruyan Hilir | H88: Hak Pakai | I88: 44062 | J88: 15.11.06.05.4.00023 | K88: Gedung Sekolah | L88: Hibah | M88: 15000 | N88: Hibah Kotim | O88: SDN 1 BANGUN HARJA | P88: 1
A89: 81 | B89: Tanah Bangunan Pendidikan Dan Latihan | C89: 01.01.01.04.002 | D89: 000002 | E89: 7207 | F89: 2003 | G89: Desa Bangun Harja Kecamatan Seruyan Hilir | H89: Hak Pakai | I89: 44061 | J89: 15.11.06.05.4.00022 | K89: Gedung Sekolah | L89: pembelian | M89: 207600 | N89: Nilai Pasar | O89: SDN 1 BANGUN HARJA | P89: 1
A90: 82 | B90: Tanah Bangunan Pendidikan Dan Latihan | C90: 01.01.01.04.002 | D90: 000001 | E90: 2500 | F90: 2003 | G90: Desa Halimaung Jaya Kecamatan Seruyan Hilir | H90: Hak Pakai | I90: 44035 | J90: 15.11.06.04.4.00038 | K90: Gedung Sekolah | L90: pembelian | M90: 9250 | N90: Nilai Pasar | O90: SDN 1 HALIMAUNG JAYA | P90: 1
A91: 83 | B91: Tanah Bangunan Pendidikan Dan Latihan | C91: 01.01.01.04.002 | D91: 000002 | E91: 1320 | F91: 2014 | G91: Desa Halimaung Jaya Kecamatan Seruyan Hilir | H91: Hak Pakai | K91: Gedung Sekolah | L91: Hibah | M91: 15000 | N91: Hibah Kotim | O91: SDN 1 HALIMAUNG JAYA | P91: 1
A92: 84 | B92: Tanah Bangunan Pendidikan Dan Latihan | C92: 01.01.01.04.002 | D92: 000001 | E92: 1320 | F92: 2014 | G92: Desa Mekar Indah Kecamatan Seruyan Hilir | H92: Hak Pakai | K92: Gedung Sekolah | L92: Hibah | M92: 23000 | N92: Hibah Kotim | O92: SDN 1 MEKAR INDAH | P92: 1
A93: 85 | B93: Tanah Bangunan Pendidikan Dan Latihan | C93: 01.01.01.04.002 | D93: 000002 | E93: 16250 | F93: 2003 | G93: Desa Mekar Indah Kecamatan Seruyan Hilir | H93: Hak Pakai | I93: 44049 | J93: 15.11.06.06.4.00031 | K93: Gedung Sekolah | L93: pembelian | M93: 50700 | N93: Nilai Pasar | O93: SDN 1 MEKAR INDAH | P93: 1
A94: 86 | B94: Tanah Bangunan Pendidikan Dan Latihan | C94: 01.01.01.04.002 | D94: 000001 | E94: 9654 | F94: 2003 | G94: Desa Mekar Indah Kecamatan Seruyan Hilir | H94: Hak Pakai | I94: 44049 | J94: 15.11.06.06.4.00030 | K94: Gedung Sekolah | L94: pembelian | M94: 40299 | N94: Nilai Pasar | O94: SDN 2 MEKAR INDAH | P94: 1
A95: 87 | B95: Tanah Bangunan Pendidikan Dan Latihan | C95: 01.01.01.04.002 | D95: 000002 | E95: 1320 | F95: 2014 | G95: Desa Mekar Indah Kecamatan Seruyan Hilir | H95: Hak Pakai | K95: Gedung Sekolah | L95: Hibah | M95: 6000 | N95: Hibah Kotim | O95: SDN 2 MEKAR INDAH | P95: 1
A96: 88 | B96: Tanah Bangunan Pendidikan Dan Latihan | C96: 01.01.01.04.002 | D96: 000001 | E96: 4705 | F96: 2014 | G96: Desa Pematang Panjang Kecamatan Seruyan Hilir | H96: Hak Pakai | I96: 43421 | J96: 15.11.06.02.4.00004 | K96: Gedung Sekolah | L96: Hibah | M96: 15000 | N96: Hibah Kotim | O96: SDN 1 PEMATANG PANJANG | P96: 1
A97: 89 | B97: Tanah Bangunan Pendidikan Dan Latihan | C97: 01.01.01.04.002 | D97: 000001 | E97: 4103 | F97: 2014 | G97: Desa Pematang Panjang Kecamatan Seruyan Hilir | H97: Hak Pakai | K97: Gedung Sekolah | L97: Hibah | M97: 15000 | N97: Hibah Kotim | O97: SDN 2 PEMATANG PANJANG | P97: 1
A98: 90 | B98: Tanah Bangunan Pendidikan Dan Latihan | C98: 01.01.01.04.002 | D98: 000002 | E98: 4500 | F98: 2003 | G98: Desa Pematang Panjang Kecamatan Seruyan Hilir | H98: Hak Pakai | K98: Gedung Sekolah | L98: pembelian | M98: 18900 | N98: Nilai Pasar | O98: SDN 2 PEMATANG PANJANG | P98: 1
A99: 91 | B99: Tanah Bangunan Pendidikan Dan Latihan | C99: 01.01.01.04.002 | D99: 000001 | E99: 969 | F99: 2014 | G99: Desa Pematang Panjang Kecamatan Seruyan Hilir | H99: Hak Pakai | K99: Gedung Sekolah | L99: Hibah | M99: 15000 | N99: Hibah Kotim | O99: SDN 1 SUNGAI BAKAU | P99: 1
A100: 92 | B100: Tanah Bangunan Pendidikan Dan Latihan | C100: 01.01.01.04.002 | D100: 000001 | E100: 1400 | F100: 2014 | G100: Desa Sungai Bakau Kecamatan Seruyan Hilir | H100: Hak Pakai | K100: Gedung Sekolah | L100: Hibah | M100: 30000 | N100: Hibah Kotim | O100: SDN 1 SUNGAI BAKAU | P100: 1
A101: 93 | B101: Tanah Bangunan Kantor Pemerintah | C101: 01.01.01.04.001 | D101: 000001 | E101: 5600 | F101: 2014 | G101: Kec. Seruyan Hulu | H101: Hak Pakai | K101: Gedung Sekolah | L101: Hibah | M101: 10000 | N101: Hibah Kotim | O101: UPTD DISDIK KECAMATAN SERUYAN HULU | P101: 1
A102: 94 | B102: Tanah Bangunan Pendidikan Dan Latihan | C102: 01.01.01.04.002 | D102: 000001 | E102: 7950 | F102: 2014 | G102: Desa Tumbang Manjul Kecamatan Seruyan Tengah | H102: Hak Pakai | K102: Gedung Sekolah | L102: Hibah | M102: 15000 | N102: Hibah Kotim | O102: SDN 1 TUMBANG MANJUL | P102: 1
A103: 95 | B103: Tanah Bangunan Pendidikan Dan Latihan | C103: 01.01.01.04.002 | D103: 000001 | E103: 7950 | F103: 2014 | G103: Desa Tumbang Manjul II Kecamatan Seruyan Hulu | H103: Hak Pakai | K103: Gedung Sekolah | L103: Hibah | M103: 15000 | N103: Hibah Kotim | O103: SDN 2 TUMBANG MANJUL | P103: 1
...

Sheet KIB C - Gedung dan Bangunan
A2: PEMERINTAH KABUPATEN SERUYAN
A3: KARTU INVENTARIS BARANG (KIB C)
A4: GEDUNG DAN BANGUNAN
A8: No. Urut | B8: Jenis Barang/Nama Barang | E8: Kondisi bangunan (B,KB,RB) | H8: Luas Lantai (M2) | I8: Letak/Lokasi Alamat | N8: Nomor | P8: Harga
C9: Kode | D9: Register | F9: Bertingkat | G9: Beton/ | J9: Tanggal | K9: Nomor | L9: Luas | M9: Status Tanah | N9: kode tanah | O9: Asal Usul | Q9: Ket. | R9: SKPD
C10: barang | F10: Tidak | G10: tidak | L10: (M2)
A12: 1 | B12: Bangunan Gedung Pendidikan Permanen | C12: 03.01.01.10.001 | D12: 000001 | E12: Baik | F12: Tidak | G12: Tidak | H12: 90 | I12: Desa Bahaur, Kecamatan Hanau | M12: Tanah Milik Pemda | O12: pembelian | P12: 177585000 | R12: sdn 1 bahaur | S12: 1
A13: 2 | B13: Bangunan Gedung Pendidikan Permanen | C13: 03.01.01.10.001 | D13: 000002 | E13: Baik | F13: Tidak | G13: Tidak | H13: 135 | I13: Desa Bahaur, Kecamatan Hanau | M13: Tanah Milik Pemda | O13: pembelian | P13: 520878000 | R13: sdn 1 bahaur | S13: 1
A14: 3 | B14: Rumah Negara Golongan I Tipe E Permanen | C14: 03.01.02.01.013 | D14: 000001 | E14: Baik | F14: Tidak | G14: Tidak | H14: 56 | I14: Desa Bahaur, Kecamatan Hanau | M14: Tanah Milik Pemda | O14: pembelian | P14: 159724000 | R14: sdn 1 bahaur | S14: 1
A15: 4 | B15: Bangunan Gedung Pendidikan Permanen | C15: 03.01.01.10.001 | D15: 000001 | E15: Baik | F15: Tidak | G15: Tidak | H15: 260 | I15: Desa Derangga, Kecamatan Hanau | M15: Tanah Milik Pemda | O15: Hibah | P15: 92000000 | Q15: HIBAH KOTIM | R15: sdn 1 derangga | S15: 1
A16: 5 | B16: Bangunan Gedung Pendidikan Permanen | C16: 03.01.01.10.001 | D16: 000002 | E16: Baik | F16: Tidak | G16: Tidak | H16: 45 | I16: Desa Derangga, Kecamatan Hanau | M16: Tanah Milik Pemda | O16: pembelian | P16: 85636000 | R16: sdn 1 derangga | S16: 1
A17: 6 | B17: Bangunan Gedung Pendidikan Permanen | C17: 03.01.01.10.001 | D17: 000003 | E17: Baik | F17: Tidak | G17: Tidak | H17: 135 | I17: Desa Derangga, Kecamatan Hanau | M17: Tanah Milik Pemda | O17: pembelian | P17: 472687000 | R17: sdn 1 derangga | S17: 1
A18: 7 | B18: Bangunan Gedung Pendidikan Permanen | C18: 03.01.01.10.001 | D18: 000004 | E18: Baik | F18: Tidak | G18: Tidak | H18: 90 | I18: Desa Derangga, Kecamatan Hanau | M18: Tanah Milik Pemda | O18: pembelian | P18: 116471000 | R18: sdn 1 derangga | S18: 1
A19: 8 | B19: Bangunan Gedung Pendidikan Permanen | C19: 03.01.01.10.001 | D19: 000005 | E19: Baik | F19: Tidak | G19: Tidak | H19: 90 | I19: Desa Derangga, Kecamatan Hanau | M19: Tanah Milik Pemda | O19: pembelian | P19: 1.3821197e+08 | R19: sdn 1 derangga | S19: 1
A20: 9 | B20: Bangunan Gedung Pendidikan Permanen | C20: 03.01.01.10.001 | D20: 000006 | E20: Baik | F20: Tidak | G20: Beton | H20: 128 | I20: JL. H. Abu Hasan | J20: 44745 | K20: 027/696/DISDIK/SD/VII/2022 | O20: Pembelian | P20: 475405900 | Q20: Pembangunan Ruang Kelas Baru (RKB) beserta perabotnya SD NEGERI 1 DERANGGA DAK Fisik 2022 | R20: sdn 1 derangga | S20: 1
A21: 10 | B21: Bangunan Gedung Perpustakaan Permanen | C21: 03.01.01.16.001 | D21: 000001 | E21: Baik | F21: Tidak | G21: Tidak | H21: 61 | I21: Desa Derangga, Kecamatan Hanau | J21: 40413 | K21: 050/1656/Sek/VIII/2010 | M21: Tanah Milik Pemda | O21: Hibah | P21: 291315357 | Q21: 1 Unit Perpustakaan SDN - Derangga, Hanau, Seruyan | R21: sdn 1 derangga | S21: 1
A22: 11 | B22: Rumah Negara Golongan I Tipe E Permanen | C22: 03.01.02.01.013 | D22: 000001 | E22: Baik | F22: Tidak | G22: Tidak | H22: 60 | I22: Desa Derangga, Kecamatan Hanau | M22: Tanah Milik Pemda | O22: pembelian | P22: 77648000 | R22: sdn 1 derangga | S22: 1
A23: 12 | B23: Rumah Negara Golongan I Tipe E Permanen | C23: 03.01.02.01.013 | D23: 000002 | E23: Baik | F23: Tidak | G23: Tidak | H23: 60 | I23: Desa Derangga, Kecamatan Hanau | M23: Tanah Milik Pemda | O23: pembelian | P23: 77648000 | R23: sdn 1 derangga | S23: 1
A24: 13 | B24: Rumah Negara Golongan I Tipe E Permanen | C24: 03.01.02.01.013 | D24: 000003 | E24: Baik | F24: Tidak | G24: Tidak | H24: 60 | I24: Desa Derangga, Kecamatan Hanau | M24: Tanah Milik Pemda | O24: pembelian | P24: 77648000 | R24: sdn 1 derangga | S24: 1
A25: 14 | B25: Rumah Negara Golongan I Tipe E Permanen | C25: 03.01.02.01.013 | D25: 000004 | E25: Baik | F25: Tidak | G25: Tidak | H25: 60 | I25: Desa Derangga, Kecamatan Hanau | M25: Tanah Milik Pemda | O25: pembelian | P25: 77648000 | R25: sdn 1 derangga | S25: 1
A26: 15 | B26: Pagar Permanen | C26: 03.04.01.04.001 | D26: 000001 | E26: Baik | F26: Tidak | G26: Beton | H26: 73 | I26: Desa Derangga - Kecamatan Hanau | K26: 000.3.2/570/DISDIK/SD/VIII/2025 | O26: Pembelian | P26: 199284685 | Q26: Pekerjaan Pembangunan Pagar Keliling SDN 1 Desa Derangga | R26: sdn 1 derangga | S26: 1
A27: 16 | B27: Bangunan Gedung Pendidikan Permanen | C27: 03.01.01.10.001 | D27: 000001 | E27: Baik | F27: Tidak | G27: Tidak | H27: 145 | I27: Desa Parang Batang Kecamatan Hanau | M27: Tanah Milik Pemda | O27: Hibah | P27: 90000000 | Q27: HIBAH KOTIM | R27: sdn 1 parang batang | S27: 1
A28: 17 | B28: Bangunan Gedung Pendidikan Permanen | C28: 03.01.01.10.001 | D28: 000002 | E28: Baik | F28: Tidak | G28: Tidak | H28: 135 | I28: Desa Parang Batang Kecamatan Hanau | M28: Tanah Milik Pemda | O28: pembelian | P28: 141927400 | R28: sdn 1 parang batang | S28: 1
A29: 18 | B29: Bangunan Gedung Pendidikan Permanen | C29: 03.01.01.10.001 | D29: 000003 | E29: Baik | F29: Tidak | G29: Tidak | H29: 135 | I29: Desa Parang Batang Kecamatan Hanau | M29: Tanah Milik Pemda | O29: pembelian | P29: 114463000 | R29: sdn 1 parang batang | S29: 1
A30: 19 | B30: Bangunan Gedung Perpustakaan Permanen | C30: 03.01.01.16.001 | D30: 000001 | E30: Baik | F30: Tidak | G30: Tidak | H30: 61 | I30: Desa Parang Batang, Kecamatan Hanau | J30: 41564 | K30: 247/D/PPK-DISDIKPORA/X/2013 | M30: Tanah Milik Pemda | O30: pembelian | P30: 155169520 | R30: sdn 1 parang batang | S30: 1
A31: 20 | B31: Rumah Negara Golongan I Tipe E Permanen | C31: 03.01.02.01.013 | D31: 000001 | E31: Baik | F31: Tidak | G31: Tidak | H31: 56 | I31: Desa Parang Batang Kecamatan Hanau | M31: Tanah Milik Pemda | O31: pembelian | P31: 164774000 | R31: sdn 1 parang batang | S31: 1
A32: 21 | B32: Rumah Negara Golongan I Tipe E Permanen | C32: 03.01.02.01.013 | D32: 000002 | E32: Baik | F32: Tidak | G32: Tidak | H32: 66 | I32: Desa Parang Batang, Kecamatan Hanau | J32: 41585 | K32: 337/PPK-DISDIKPORA/XI/2013 | M32: Tanah Milik Pemda | O32: pembelian | P32: 137500000 | Q32: Pembangunan Rumah Dinas Guru SDN - 1 Parang Batang Kec. Hanau Kabupaten Seruyan | R32: sdn 1 parang batang | S32: 1
A33: 22 | B33: Bangunan Gedung Pendidikan Permanen | C33: 03.01.01.10.001 | D33: 000001 | E33: Baik | F33: Tidak | G33: Tidak | H33: 112 | I33: Desa Bahaur, Kecamatan Hanau | M33: Tanah Milik Pemda | O33: Hibah | P33: 80000000 | Q33: HIBAH KOTIM | R33: sdn 1 paring raya | S33: 1
A34: 23 | B34: Bangunan Gedung Pendidikan Permanen | C34: 03.01.01.10.001 | D34: 000002 | E34: Baik | F34: Tidak | G34: Tidak | H34: 135 | I34: Desa Bahaur, Kecamatan Hanau | M34: Tanah Milik Pemda | O34: pembelian | P34: 156634000 | R34: sdn 1 paring raya | S34: 1
A35: 24 | B35: Bangunan Gedung Pendidikan Permanen | C35: 03.01.01.10.001 | D35: 000003 | E35: Baik | F35: Tidak | G35: Beton | H35: 180 | I35: Desa Bahaur, Kecamatan Hanau | M35: Tanah Milik Pemda | O35: Hibah | P35: 478485000 | R35: sdn 1 paring raya | S35: 1
A36: 25 | B36: Bangunan Gedung Perpustakaan Permanen | C36: 03.01.01.16.001 | D36: 000001 | E36: Baik | F36: Tidak | G36: Tidak | H36: 61 | I36: Desa Bahaur, Kecamatan Hanau | M36: Tanah Milik Pemda | O36: pembelian | P36: 128143333 | R36: sdn 1 paring raya | S36: 1
A37: 26 | B37: Rumah Negara Golongan I Tipe E Permanen | C37: 03.01.02.01.013 | D37: 000001 | E37: Baik | F37: Tidak | G37: Tidak | H37: 45 | I37: Desa Bahaur, Kecamatan Hanau | M37: Tanah Milik Pemda | O37: pembelian | P37: 319306400 | R37: sdn 1 paring raya | S37: 1
A38: 27 | B38: Bangunan Gedung Pendidikan Permanen | C38: 03.01.01.10.001 | D38: 000001 | E38: Baik | F38: Tidak | G38: Tidak | H38: 180 | I38: Desa Pembuang Hulu I, Kecamatan Hanau | M38: Tanah Milik Pemda | O38: pembelian | P38: 232943000 | R38: sdn 1 pembuang hulu i | S38: 1
A39: 28 | B39: Bangunan Gedung Pendidikan Permanen | C39: 03.01.01.10.001 | D39: 000002 | E39: Baik | F39: Tidak | G39: Tidak | H39: 45 | I39: Desa Pembuang Hulu I, Kecamatan Hanau | M39: Tanah Milik Pemda | O39: pembelian | P39: 58236000 | R39: sdn 1 pembuang hulu i | S39: 1
A40: 29 | B40: Bangunan Gedung Pendidikan Permanen | C40: 03.01.01.10.001 | D40: 000003 | E40: Baik | F40: Tidak | G40: Tidak | H40: 225 | I40: Desa Pembuang Hulu I, Kecamatan Hanau | M40: Tanah Milik Pemda | O40: pembelian | P40: 291178000 | R40: sdn 1 pembuang hulu i | S40: 1
A41: 30 | B41: Bangunan Gedung Pendidikan Permanen | C41: 03.01.01.10.001 | D41: 000004 | E41: Baik | F41: Tidak | G41: Tidak | H41: 112 | I41: Desa Pembuang Hulu I, Kecamatan Hanau | M41: Tanah Milik Pemda | O41: Hibah | P41: 75000000 | Q41: HIBAH KOTIM | R41: sdn 1 pembuang hulu i | S41: 1
A42: 31 | B42: Bangunan Gedung Pendidikan Permanen | C42: 03.01.01.10.001 | D42: 000005 | E42: Baik | F42: Tidak | G42: Beton | H42: 128 | I42: Desa Pembuang Hulu I, Kecamatan Hanau | J42: 42970 | K42: 07/421.2/PPK-DISDIK.DAS/VIII/2 | M42: Tanah Milik Pemda | O42: pembelian | P42: 220689000 | Q42: Pembangunan RKB SDN 1 Pembuang Hulu I | R42: sdn 1 pembuang hulu i | S42: 1
A43: 32 | B43: Bangunan Tmpt Pendidikan Lain-lain (dst) | C43: 03.01.01.10.005 | D43: 000001 | E43: Baik | F43: Tidak | G43: Beton | H43: 12 | I43: Desa Pembuang Hulu I, Kecamatan Hanau | J43: 42391 | K43: '027/063/PPK-DISDIKPORA/I/2016 | M43: Tanah Milik Pemda | O43: pembelian | P43: 82550000 | Q43: Pembangunan WC SDN 1 Pembuang Hulu I | R43: sdn 1 pembuang hulu i | S43: 1
A44: 33 | B44: Bangunan Gedung Perpustakaan Permanen | C44: 03.01.01.16.001 | D44: 000001 | E44: Baik | F44: Tidak | G44: Beton | H44: 61 | I44: Desa Pembuang Hulu I, Kecamatan Hanau | M44: Tanah Milik Pemda | O44: pembelian | P44: 138981955 | R44: sdn 1 pembuang hulu i | S44: 1
A45: 34 | B45: Bangunan Gedung Pendidikan Permanen | C45: 03.01.01.10.001 | D45: 000001 | E45: Baik | F45: Tidak | G45: Tidak | H45: 90 | I45: Desa Pembuang Hulu II, Kecamatan Hanau | M45: Tanah Milik Pemda | O45: pembelian | P45: 403173000 | R45: sdn 1 pembuang hulu ii | S45: 1
A46: 35 | B46: Bangunan Gedung Pendidikan Permanen | C46: 03.01.01.10.001 | D46: 000002 | E46: Baik | F46: Tidak | G46: Tidak | H46: 180 | I46: Desa Pembuang Hulu II, Kecamatan Hanau | M46: Tanah Milik Pemda | O46: pembelian | P46: 582807500 | R46: sdn 1 pembuang hulu ii | S46: 1
A47: 36 | B47: Bangunan Gedung Pendidikan Permanen | C47: 03.01.01.10.001 | D47: 000003 | E47: Baik | F47: Tidak | G47: Tidak | H47: 126 | I47: Desa Pembuang Hulu II, Kecamatan Hanau | M47: Tanah Milik Pemda | O47: Hibah | P47: 90000000 | Q47: HIBAH KOTIM | R47: sdn 1 pembuang hulu ii | S47: 1
A48: 37 | B48: Bangunan Tmpt Pendidikan Lain-lain (dst) | C48: 03.01.01.10.005 | D48: 000001 | E48: Baik | F48: Tidak | G48: Beton | H48: 12 | I48: Desa Pembuang Hulu II, Kecamatan Hanau | J48: 42391 | K48: '027/064/PPK-DISDIKPORA/I/2016 | M48: Tanah Milik Pemda | O48: pembelian | P48: 82597000 | Q48: Pekerjaan Pembangunan WC SDN 1 Pembuang Hulu II | R48: sdn 1 pembuang hulu ii | S48: 1
A49: 38 | B49: Bangunan Gedung Perpustakaan Permanen | C49: 03.01.01.16.001 | D49: 000001 | E49: Baik | F49: Tidak | G49: Beton | H49: 61 | I49: Desa Pembuang Hulu II, Kecamatan Hanau | M49: Tanah Milik Pemda | O49: pembelian | P49: 165851955 | R49: sdn 1 pembuang hulu ii | S49: 1
A50: 39 | B50: Rumah Negara Golongan I Tipe E Permanen | C50: 03.01.02.01.013 | D50: 000001 | E50: Baik | F50: Tidak | G50: Tidak | H50: 56 | I50: Desa Pembuang Hulu II, Kecamatan Hanau | M50: Tanah Milik Pemda | O50: pembelian | P50: 64974000 | R50: sdn 1 pembuang hulu ii | S50: 1
A51: 40 | B51: Rumah Negara Golongan I Tipe E Permanen | C51: 03.01.02.01.013 | D51: 000002 | E51: Baik | F51: Tidak | G51: Tidak | H51: 56 | I51: Desa Pembuang Hulu II, Kecamatan Hanau | M51: Tanah Milik Pemda | O51: pembelian | P51: 64974000 | R51: sdn 1 pembuang hulu ii | S51: 1
A52: 41 | B52: Rumah Negara Golongan I Tipe E Permanen | C52: 03.01.02.01.013 | D52: 000003 | E52: Baik | F52: Tidak | G52: Tidak | H52: 56 | I52: Desa Pembuang Hulu II, Kecamatan Hanau | M52: Tanah Milik Pemda | O52: pembelian | P52: 64974000 | R52: sdn 1 pembuang hulu ii | S52: 1
A53: 42 | B53: Rumah Negara Golongan I Tipe E Permanen | C53: 03.01.02.01.013 | D53: 000004 | E53: Baik | F53: Tidak | G53: Tidak | H53: 56 | I53: Desa Pembuang Hulu II, Kecamatan Hanau | M53: Tanah Milik Pemda | O53: pembelian | P53: 64974000 | R53: sdn 1 pembuang hulu ii | S53: 1
A54: 43 | B54: Rumah Negara Golongan I Tipe E Permanen | C54: 03.01.02.01.013 | D54: 000005 | E54: Baik | F54: Tidak | G54: Tidak | H54: 56 | I54: Desa Pembuang Hulu II, Kecamatan Hanau | M54: Tanah Milik Pemda | O54: pembelian | P54: 64974000 | R54: sdn 1 pembuang hulu ii | S54: 1
A55: 44 | B55: Rumah Negara Golongan I Tipe E Permanen | C55: 03.01.02.01.013 | D55: 000006 | E55: Baik | F55: Tidak | G55: Tidak | H55: 56 | I55: Desa Pembuang Hulu II, Kecamatan Hanau | M55: Tanah Milik Pemda | O55: pembelian | P55: 64974000 | R55: sdn 1 pembuang hulu ii | S55: 1
A56: 45 | B56: Rumah Negara Golongan II Tipe D Permanen | C56: 03.01.02.02.010 | D56: 000001 | E56: Baik | F56: Tidak | G56: Beton | H56: 30 | I56: Jl. Putri Junjung Buih. Desa Pembuang Hulu II - Kecamatan Hanau | K56: 000.3.2/1148/DISDIK/SD/IX/2024 | O56: Pembelian | P56: 199199825 | Q56: Pembangunan Rumah Dinas Guru SDN 1 Pembuang Hulu II | R56: sdn 1 pembuang hulu ii | S56: 1
A57: 46 | B57: Pagar Permanen | C57: 03.04.01.04.001 | D57: 000001 | E57: Baik | F57: Tidak | G57: Beton | H57: 147 | I57: Desa Pembuang Hulu II, Kecamatan Hanau | J57: 42151 | K57: 027/461/PPK-DISDIKPORA/V/2015 | M57: Tanah Milik Pemda | O57: pembelian | P57: 221013000 | Q57: Pembangunan Pagar SDN 1 Pembuang Hulu II | R57: sdn 1 pembuang hulu ii | S57: 1
A58: 47 | B58: Bangunan Gedung Pendidikan Permanen | C58: 03.01.01.10.001 | D58: 000001 | E58: Baik | F58: Tidak | G58: Tidak | H58: 45 | I58: Desa Tanjung Hanau Kecamatan Hanau | M58: Tanah Milik Pemda | O58: pembelian | P58: 60244000 | R58: sdn 1 tanjung hanau | S58: 1
A59: 48 | B59: Bangunan Gedung Pendidikan Permanen | C59: 03.01.01.10.001 | D59: 000002 | E59: Baik | F59: Tidak | G59: Tidak | H59: 90 | I59: Desa Tanjung Hanau Kecamatan Hanau | M59: Tanah Milik Pemda | O59: pembelian | P59: 120488000 | R59: sdn 1 tanjung hanau | S59: 1
A60: 49 | B60: Bangunan Gedung Pendidikan Permanen | C60: 03.01.01.10.001 | D60: 000003 | E60: Baik | F60: Tidak | G60: Tidak | H60: 135 | I60: Desa Tanjung Hanau Kecamatan Hanau | M60: Tanah Milik Pemda | O60: pembelian | P60: 180731000 | R60: sdn 1 tanjung hanau | S60: 1
A61: 50 | B61: Bangunan Gedung Pendidikan Permanen | C61: 03.01.01.10.001 | D61: 000004 | E61: Baik | F61: Tidak | G61: Tidak | H61: 90 | I61: Desa Tanjung Hanau Kecamatan Hanau | M61: Tanah Milik Pemda | O61: pembelian | P61: 311809000 | R61: sdn 1 tanjung hanau | S61: 1
A62: 51 | B62: Bangunan Gedung Pendidikan Permanen | C62: 03.01.01.10.001 | D62: 000005 | E62: Baik | F62: Tidak | G62: Tidak | H62: 163 | I62: Desa Tanjung Hanau Kecamatan Hanau | M62: Tanah Milik Pemda | O62: Hibah | P62: 92000000 | Q62: HIBAH KOTIM | R62: sdn 1 tanjung hanau | S62: 1
A63: 52 | B63: Bangunan Gedung Pendidikan Permanen | C63: 03.01.01.10.001 | D63: 000006 | E63: Baik | F63: Tidak | G63: Tidak | H63: 64 | I63: Desa Tanjung Hanau - Kecamatan Hanau | K63: 000.3.2/507/DISDIK/SD/VIII/2025 | O63: Pembelian | P63: 199165612 | Q63: Pek Penambahan Lokal Ruang Belajar SDN 1 Desa Tanjung Hanau, Kecamatan Hanau | R63: sdn 1 tanjung hanau | S63: 1
A64: 53 | B64: Bangunan Tmpt Pendidikan Lain-lain (dst) | C64: 03.01.01.10.005 | D64: 000001 | E64: Baik | F64: Tidak | G64: Tidak | H64: 8 | I64: Desa Tanjung Hanau Kecamatan Hanau | J64: 42149 | K64: 027/281/PPK-DISDIKPORA/V/2015 | M64: Tanah Milik Pemda | O64: pembelian | P64: 82081500 | Q64: Pembangunan WC SDN 1 Tanjung Hanau | R64: sdn 1 tanjung hanau | S64: 1
A65: 54 | B65: Bangunan Gedung Perpustakaan Permanen | C65: 03.01.01.16.001 | D65: 000001 | E65: Baik | F65: Tidak | G65: Tidak | H65: 61 | I65: Desa Tanjung Hanau | J65: 41564 | K65: 246/D/PPK-DISDIKPORA/X/2013 | M65: Tanah Milik Pemda | O65: pembelian | P65: 155169520 | R65: sdn 1 tanjung hanau | S65: 1
A66: 55 | B66: Rumah Negara Golongan I Tipe E Permanen | C66: 03.01.02.01.013 | D66: 000001 | E66: Baik | F66: Tidak | G66: Beton | H66: 36 | I66: Desa Tanjung Hanau Kecamatan Hanau | M66: Tanah Milik Pemda | O66: pembelian | P66: 321225000 | R66: sdn 1 tanjung hanau | S66: 1
A67: 56 | B67: Bangunan Gedung Pendidikan Permanen | C67: 03.01.01.10.001 | D67: 000001 | E67: Baik | F67: Tidak | G67: Tidak | H67: 180 | I67: Desa Bahaur, Kecamatan Hanau | M67: Tanah Milik Pemda | O67: pembelian | P67: 532410000 | R67: sdn 2 bahaur | S67: 1
A68: 57 | B68: Bangunan Gedung Pendidikan Permanen | C68: 03.01.01.10.001 | D68: 000002 | E68: Baik | F68: Tidak | G68: Tidak | H68: 90 | I68: Desa Bahaur, Kecamatan Hanau | M68: Tanah Milik Pemda | O68: pembelian | P68: 172930000 | R68: sdn 2 bahaur | S68: 1
A69: 58 | B69: Bangunan Gedung Perpustakaan Permanen | C69: 03.01.01.16.001 | D69: 000001 | E69: Baik | F69: Tidak | G69: Tidak | H69: 61 | I69: Desa Bahaur, Kecamatan Hanau | J69: 41564 | K69: 245/D/PPK-DISDIKPORA/X/2013 | M69: Tanah Milik Pemda | O69: pembelian | P69: 155169520 | R69: sdn 2 bahaur | S69: 1
A70: 59 | B70: Rumah Negara Golongan I Tipe E Permanen | C70: 03.01.02.01.013 | D70: 000001 | E70: Baik | F70: Tidak | G70: Tidak | H70: 45 | I70: Desa Bahaur, Kecamatan Hanau | M70: Tanah Milik Pemda | O70: pembelian | P70: 122224000 | R70: sdn 2 bahaur | S70: 1
A71: 60 | B71: Rumah Negara Golongan I Tipe E Permanen | C71: 03.01.02.01.013 | D71: 000002 | E71: Baik | F71: Tidak | G71: Tidak | H71: 36 | I71: Desa Bahaur, Kecamatan Hanau | M71: Tanah Milik Pemda | O71: pembelian | P71: 52479000 | R71: sdn 2 bahaur | S71: 1
A72: 61 | B72: Bangunan Gedung Pendidikan Permanen | C72: 03.01.01.10.001 | D72: 000001 | E72: Baik | F72: Tidak | G72: Tidak | H72: 90 | I72: Desa Derangga, Kecamatan Hanau | M72: Tanah Milik Pemda | O72: pembelian | P72: 578156000 | R72: sdn 2 derangga | S72: 1
A73: 62 | B73: Bangunan Gedung Pendidikan Permanen | C73: 03.01.01.10.001 | D73: 000002 | E73: Baik | F73: Tidak | G73: Tidak | H73: 180 | I73: Desa Derangga, Kecamatan Hanau | M73: Tanah Milik Pemda | O73: pembelian | P73: 244347500 | R73: sdn 2 derangga | S73: 1
A74: 63 | B74: Bangunan Gedung Pendidikan Permanen | C74: 03.01.01.10.001 | D74: 000003 | E74: Baik | F74: Tidak | G74: Tidak | H74: 260 | I74: Desa Derangga, Kecamatan Hanau | M74: Tanah Milik Pemda | O74: Hibah | P74: 110000000 | Q74: HIBAH KOTIM | R74: sdn 2 derangga | S74: 1
A75: 64 | B75: Bangunan Gedung Pendidikan Permanen | C75: 03.01.01.10.001 | D75: 000004 | E75: Baik | F75: Tidak | G75: Beton | H75: 64 | I75: Jl. H. Abu Hasan Gang Balimau RT.01 RW.01 NO. 24, Derangga - Kecamatan Hanau | K75: 000.3.3/734/DISDIK/SD/VII/2024 | O75: Pembelian | P75: 245912175 | Q75: Pekerjaan Pembangunan Ruang Kelas Baru (RKB) Beserta Perabotnya SD Negeri 2 Derangga (DAK Fisik SD) | R75: sdn 2 derangga | S75: 1
A76: 65 | B76: Bangunan Tmpt Pendidikan Lain-lain (dst) | C76: 03.01.01.10.005 | D76: 000001 | E76: Baik | F76: Tidak | G76: Beton | H76: 24 | I76: Jl. H. Abu Hasan Desa Derangga - Kecamatan Hanau | K76: 000.3.2/700/DISDIK/SD/VII/2024 | O76: Pembelian | P76: 177969000 | Q76: Pekerjaan Pembangunan Ruang UKS Beserta Perabotnya_30203145 SD Negeri 2 Derangga | R76: sdn 2 derangga | S76: 1
A77: 66 | B77: Bangunan Tmpt Pendidikan Lain-lain (dst) | C77: 03.01.01.10.005 | D77: 000002 | E77: Baik | F77: Tidak | G77: Beton | H77: 64 | I77: Jl. H. Abu Hasan Gang Balimau RT.01 RW.01 NO. 24, Derangga - Kecamatan Hanau | K77: 000.3.3/551/DISDIK/SD/VI/2024 | O77: Pembelian | P77: 281970000 | Q77: Pekerjaan Pembangunan Ruang Guru Beserta Perabotnya SD Negeri 2 Derangga (DAK Fisik SD) | R77: sdn 2 derangga | S77: 1
A78: 67 | B78: Bangunan Tmpt Pendidikan Lain-lain (dst) | C78: 03.01.01.10.005 | D78: 000003 | E78: Baik | F78: Tidak | G78: Beton | H78: 64 | I78: Jl. H. Abu Hasan Gang Balimau RT.01 RW.01 NO. 24, Derangga - Kecamatan Hanau | K78: 000.3.3/549/DISDIK/SD/VI/2024 | O78: Pembelian | P78: 284936400 | Q78: Pek. Pembangunan Ruang Lab Komputer Beserta Perabotnya SDN 2 Derangga (DAK Fisik SD) | R78: sdn 2 derangga | S78: 1
A79: 68 | B79: Bangunan Gedung Perpustakaan Permanen | C79: 03.01.01.16.001 | D79: 000001 | E79: Baik | F79: Tidak | G79: Tidak | H79: 61 | I79: Desa Derangga, Kecamatan Hanau | M79: Tanah Milik Pemda | O79: pembelian | P79: 142726954 | R79: sdn 2 derangga | S79: 1
A80: 69 | B80: Rumah Negara Golongan I Tipe E Permanen | C80: 03.01.02.01.013 | D80: 000001 | E80: Baik | F80: Tidak | G80: Tidak | H80: 70 | I80: Desa Derangga, Kecamatan Hanau | J80: 41528 | K80: 073/D/PPK-DISDIKPORA/IX/2013 | M80: Tanah Milik Pemda | O80: pembelian | P80: 136363000 | Q80: Pembangunan Rumah Dinas Guru SDN 2 Derangga Kec. Hanau Kabupaten Seruyan | R80: sdn 2 derangga | S80: 1
A81: 70 | B81: Rumah Negara Golongan II Tipe E Permanen | C81: 03.01.02.02.013 | D81: 000001 | E81: Baik | F81: Tidak | G81: Beton | H81: 76 | I81: Desa Derangga, Kecamatan Hanau | J81: 42481 | K81: 027/402/PPK-DISDIKPORA/IV/2016 | M81: Tanah Milik Pemda | O81: pembelian | P81: 220823000 | Q81: Pembangunan RDG SDN 2 Derangga | R81: sdn 2 derangga | S81: 1
A82: 71 | B82: Bangunan Gedung Pendidikan Permanen | C82: 03.01.01.10.001 | D82: 000001 | E82: Baik | F82: Tidak | G82: Tidak | H82: 90 | I82: Desa Parang Batang Kecamatan Hanau | M82: Tanah Milik Pemda | O82: pembelian | P82: 120488000 | R82: sdn 2 parang batang | S82: 1
A83: 72 | B83: Bangunan Gedung Pendidikan Permanen | C83: 03.01.01.10.001 | D83: 000002 | E83: Baik | F83: Tidak | G83: Tidak | H83: 45 | I83: Desa Parang Batang Kecamatan Hanau | M83: Tanah Milik Pemda | O83: pembelian | P83: 60244000 | R83: sdn 2 parang batang | S83: 1
A84: 73 | B84: Bangunan Gedung Pendidikan Permanen | C84: 03.01.01.10.001 | D84: 000003 | E84: Baik | F84: Tidak | G84: Tidak | H84: 45 | I84: Desa Parang Batang Kecamatan Hanau | M84: Tanah Milik Pemda | O84: pembelian | P84: 51558000 | R84: sdn 2 parang batang | S84: 1
A85: 74 | B85: Bangunan Gedung Pendidikan Permanen | C85: 03.01.01.10.001 | D85: 000004 | E85: Baik | F85: Tidak | G85: Beton | H85: 64 | I85: parang batang | J85: 44746 | K85: 027/537/DISDIK/SD/VII/2022 | O85: Pembelian | P85: 235426000 | Q85: Pembangunan Ruang Guru beserta perabotnya SD NEGERI 2 PARANG BATANG DAK Fisik 2022 | R85: sdn 2 parang batang | S85: 1
A86: 75 | B86: Bangunan Gedung Perpustakaan Permanen | C86: 03.01.01.16.001 | D86: 000001 | E86: Baik | F86: Tidak | G86: Tidak | H86: 61 | I86: Desa Parang Batang, Kecamatan Hanau | J86: 41564 | K86: 248/D/PPK-DISDIKPORA/X/2013 | M86: Tanah Milik Pemda | O86: pembelian | P86: 155169520 | R86: sdn 2 parang batang | S86: 1
A87: 76 | B87: Rumah Negara Golongan I Tipe E Permanen | C87: 03.01.02.01.013 | D87: 000001 | E87: Baik | F87: Tidak | G87: Beton | H87: 36 | I87: Desa Parang Batang Kecamatan Hanau | M87: Tanah Milik Pemda | O87: pembelian | P87: 265483235 | R87: sdn 2 parang batang | S87: 1
A88: 77 | B88: Bangunan Gedung Kantor Permanen | C88: 03.01.01.01.001 | D88: 000001 | E88: Baik | F88: Tidak | G88: Beton | H88: 60 | I88: Desa Pembuang Hulu I, Kecamatan Hanau | J88: 43297 | K88: 027/194/PPK-DISDIK/DIKDAS/VII/ | M88: Tanah Milik Pemda | O88: pembelian | P88: 220812000 | Q88: Pembangunan Kantor Guru SDN 2 Pembuang Hulu I | R88: sdn 2 pembuang hulu i | S88: 1
A89: 78 | B89: Bangunan Gedung Pendidikan Permanen | C89: 03.01.01.10.001 | D89: 000001 | E89: Baik | F89: Tidak | G89: Beton | H89: 216 | I89: Jln. Bakri Entong_x000D_ Desa Pembuang Hulu I_x000D_ Kec. Hanau | J89: 43588 | K89: 425.11/020/DAK-SD-DISDIK.I/V/2 | M89: Tanah Milik Pemda | O89: pembelian | P89: 381150000 | Q89: SDN 2 Pembuang Hulu I (3 Ruang) (DAK SD 2019) Revitalisasi | R89: sdn 2 pembuang hulu i | S89: 1
A90: 79 | B90: Bangunan Gedung Pendidikan Permanen | C90: 03.01.01.10.001 | D90: 000002 | E90: Baik | F90: Tidak | G90: Tidak | H90: 112 | I90: Desa Pembuang Hulu I, Kecamatan Hanau | M90: Tanah Milik Pemda | O90: Hibah | P90: 80000000 | Q90: HIBAH KOTIM | R90: sdn 2 pembuang hulu i | S90: 1
A91: 80 | B91: Bangunan Gedung Pendidikan Permanen | C91: 03.01.01.10.001 | D91: 000003 | E91: Baik | F91: Tidak | G91: Tidak | H91: 90 | I91: Desa Pembuang Hulu I, Kecamatan Hanau | M91: Tanah Milik Pemda | O91: pembelian | P91: 116471000 | R91: sdn 2 pembuang hulu i | S91: 1
A92: 81 | B92: Bangunan Gedung Pendidikan Permanen | C92: 03.01.01.10.001 | D92: 000004 | E92: Baik | F92: Tidak | G92: Tidak | H92: 45 | I92: Desa Pembuang Hulu I, Kecamatan Hanau | M92: Tanah Milik Pemda | O92: pembelian | P92: 58236000 | R92: sdn 2 pembuang hulu i | S92: 1
A93: 82 | B93: Bangunan Gedung Pendidikan Permanen | C93: 03.01.01.10.001 | D93: 000005 | E93: Baik | F93: Tidak | G93: Tidak | H93: 90 | I93: Desa Pembuang Hulu I, Kecamatan Hanau | M93: Tanah Milik Pemda | O93: pembelian | P93: 116471000 | R93: sdn 2 pembuang hulu i | S93: 1
A94: 83 | B94: Bangunan Tmpt Pendidikan Lain-lain (dst) | C94: 03.01.01.10.005 | D94: 000001 | E94: Baik | F94: Tidak | G94: Beton | H94: 8 | I94: Desa Pembuang Hulu I, Kecamatan Hanau | J94: 42983 | K94: 16/421.2/SPK-DISDIK.DAS/IX/201 | M94: Tanah Milik Pemda | O94: pembelian | P94: 88276000 | Q94: Pembangunan WC SDN 2 Pembuang Hulu I | R94: sdn 2 pembuang hulu i | S94: 1
A95: 84 | B95: Bangunan Tmpt Pendidikan Lain-lain (dst) | C95: 03.01.01.10.005 | D95: 000002 | E95: Baik | F95: Tidak | G95: Beton | H95: 24 | I95: Jl. Bakri Entong, Desa Pembuang Hulu I - Kecamatan Hanau | K95: 000.3.2/699/DISDIK/SD/VII/2024 | O95: Pembelian | P95: 177939000 | Q95: Pembangunan Ruang UKS Beserta Perabotnya_30203152 SD Negeri 2 Pembuang Hulu I | R95: sdn 2 pembuang hulu i | S95: 1
A96: 85 | B96: Bangunan Tmpt Pendidikan Lain-lain (dst) | C96: 03.01.01.10.005 | D96: 000003 | E96: Baik | F96: Tidak | G96: Beton | H96: 64 | I96: Jl. Bakri Entong, Desa Pembuang Hulu I - Kecamatan Hanau | K96: 000.3.3/902/DISDIK/SD/VII/2024 | O96: Pembelian | P96: 291786500 | Q96: Pembangunan Ruang Laboratorium Komputer Beserta Perabotnya SD Negeri 2 Pembuang Hulu I | R96: sdn 2 pembuang hulu i | S96: 1
A97: 86 | B97: Bangunan Gedung Perpustakaan Permanen | C97: 03.01.01.16.001 | D97: 000001 | E97: Baik | F97: Tidak | G97: Tidak | H97: 30 | I97: Desa Pembuang Hulu I, Kecamatan Hanau | M97: Tanah Milik Pemda | O97: pembelian | P97: 38824000 | R97: sdn 2 pembuang hulu i | S97: 1
A98: 87 | B98: Rumah Negara Golongan I Tipe E Permanen | C98: 03.01.02.01.013 | D98: 000001 | E98: Baik | F98: Tidak | G98: Tidak | H98: 30 | I98: Desa Pembuang Hulu I, Kecamatan Hanau | M98: Tanah Milik Pemda | O98: pembelian | P98: 38824000 | R98: sdn 2 pembuang hulu i | S98: 1
A99: 88 | B99: Rumah Negara Golongan II Tipe E Permanen | C99: 03.01.02.02.013 | D99: 000001 | E99: Baik | F99: Tidak | G99: Beton | H99: 34.5 | I99: Jl. Bakri Entong,Pembuang Hulu I,Hanau | K99: 027/1660/DISDIK/SD/VIII/2023 | O99: Pembelian | P99: 221534900 | Q99: Pekerjaan Pembangunan Rumah Dinas Guru Beserta Perabotnya SDN 2 Pembuang Hulu I | R99: sdn 2 pembuang hulu i | S99: 1
A100: 89 | B100: Pagar Permanen | C100: 03.04.01.04.001 | D100: 000001 | E100: Baik | F100: Tidak | G100: Beton | H100: 153 | I100: Desa Pembuang Hulu I, Kecamatan Hanau | J100: 42481 | K100: '027/411/PPK-DISDIKPORA/IV/201 | M100: Tanah Milik Pemda | O100: pembelian | P100: 221245000 | Q100: Pekerjaan Pembangunan pagar SDN II Pembuang Hulu II | R100: sdn 2 pembuang hulu i | S100: 1
A101: 90 | B101: Bangunan Gedung Pendidikan Permanen | C101: 03.01.01.10.001 | D101: 000001 | E101: Baik | F101: Tidak | G101: Tidak | H101: 90 | I101: Desa Pembuang Hulu II, Kecamatan Hanau | M101: Tanah Milik Pemda | O101: pembelian | P101: 418732000 | R101: sdn 2 pembuang hulu ii | S101: 1
A102: 91 | B102: Bangunan Gedung Pendidikan Permanen | C102: 03.01.01.10.001 | D102: 000002 | E102: Baik | F102: Tidak | G102: Tidak | H102: 112 | I102: Desa Pembuang Hulu II, Kecamatan Hanau | M102: Tanah Milik Pemda | O102: Hibah | P102: 110000000 | Q102: HIBAH KOTIM | R102: sdn 2 pembuang hulu ii | S102: 1
A103: 92 | B103: Bangunan Gedung Pendidikan Permanen | C103: 03.01.01.10.001 | D103: 000003 | E103: Baik | F103: Tidak | G103: Tidak | H103: 180 | I103: Desa Pembuang Hulu II, Kecamatan Hanau | M103: Tanah Milik Pemda | O103: pembelian | P103: 758373172 | R103: sdn 2 pembuang hulu ii | S103: 1
A104: 93 | B104: Rumah Negara Golongan I Tipe E Permanen | C104: 03.01.02.01.013 | D104: 000001 | E104: Baik | F104: Tidak | G104: Tidak | H104: 30 | I104: Desa Pembuang Hulu II, Kecamatan Hanau | M104: Tanah Milik Pemda | O104: pembelian | P104: 38824000 | R104: sdn 2 pembuang hulu ii | S104: 1
A105: 94 | B105: Rumah Negara Golongan I Tipe E Permanen | C105: 03.01.02.01.013 | D105: 000002 | E105: Baik | F105: Tidak | G105: Tidak | H105: 30 | I105: Desa Pembuang Hulu II, Kecamatan Hanau | M105: Tanah Milik Pemda | O105: pembelian | P105: 38824000 | R105: sdn 2 pembuang hulu ii | S105: 1
...
